name,prompt,negative_prompt
r003,"modern, tasty, attractive food photography of Smoky Tikka Beef Pasta Pot, beef mince, noodles (rice), bell pepper, mushroom, butter, social media ready, editorial food styling, soft natural light, shallow depth of field, crisp focus, clean background, vibrant but realistic colors, plated beautifully, minimal props, subtle garnish, hero shot, 45 degree angle, composition centered, 4:5 portrait, appetizing, lunch, air-fryer, high-protein","blurry, lowres, text, watermark, logo, people, hands, deformed, extra fingers, bad anatomy, oversaturated, messy plating"
r013,"modern, tasty, attractive food photography of Sticky Garlic Herb Turkey Fuel Box, turkey mince, potatoes, onion, green beans, butter, social media ready, editorial food styling, soft natural light, shallow depth of field, crisp focus, clean background, vibrant but realistic colors, plated beautifully, minimal props, subtle garnish, hero shot, 45 degree angle, composition centered, 4:5 portrait, appetizing, lunch, high-protein","blurry, lowres, text, watermark, logo, people, hands, deformed, extra fingers, bad anatomy, oversaturated, messy plating"
r014,"modern, tasty, attractive food photography of Sticky Buffalo Tofu Power Bowl, tofu, brown rice, sweet potato, sweet potato, sesame oil, social media ready, editorial food styling, soft natural light, shallow depth of field, crisp focus, clean background, vibrant but realistic colors, plated beautifully, minimal props, subtle garnish, hero shot, 45 degree angle, composition centered, 4:5 portrait, appetizing, lunch, vegan, high-protein","blurry, lowres, text, watermark, logo, people, hands, deformed, extra fingers, bad anatomy, oversaturated, messy plating"
r016,"modern, tasty, attractive food photography of Loaded Lemon Pepper Salmon Fuel Box, salmon fillet, brown rice, carrot, spinach, cheddar cheese, social media ready, editorial food styling, soft natural light, shallow depth of field, crisp focus, clean background, vibrant but realistic colors, plated beautifully, minimal props, subtle garnish, hero shot, 45 degree angle, composition centered, 4:5 portrait, appetizing, lunch, pescatarian, high-protein","blurry, lowres, text, watermark, logo, people, hands, deformed, extra fingers, bad anatomy, oversaturated, messy plating"
r017,"modern, tasty, attractive food photography of Golden Garlic Herb Tofu Protein Pot, tofu, brown rice, bell pepper, mushroom, cheddar cheese, social media ready, editorial food styling, soft natural light, shallow depth of field, crisp focus, clean background, vibrant but realistic colors, plated beautifully, minimal props, subtle garnish, hero shot, 45 degree angle, composition centered, 4:5 portrait, appetizing, lunch, vegan, high-protein","blurry, lowres, text, watermark, logo, people, hands, deformed, extra fingers, bad anatomy, oversaturated, messy plating"
r019,"modern, tasty, attractive food photography of Crispy Mexican Spiced Tempeh Energy Bowl, tempeh, couscous, onion, broccoli, butter, social media ready, editorial food styling, soft natural light, shallow depth of field, crisp focus, clean background, vibrant but realistic colors, plated beautifully, minimal props, subtle garnish, hero shot, 45 degree angle, composition centered, 4:5 portrait, appetizing, lunch, air-fryer, vegan, high-protein","blurry, lowres, text, watermark, logo, people, hands, deformed, extra fingers, bad anatomy, oversaturated, messy plating"
r026,"modern, tasty, attractive food photography of Smoky Korean BBQ Cod Pasta Pot, cod fillet, noodles (rice), bell pepper, tomato, olive oil, social media ready, editorial food styling, soft natural light, shallow depth of field, crisp focus, clean background, vibrant but realistic colors, plated beautifully, minimal props, subtle garnish, hero shot, 45 degree angle, composition centered, 4:5 portrait, appetizing, lunch, pescatarian, high-protein","blurry, lowres, text, watermark, logo, people, hands, deformed, extra fingers, bad anatomy, oversaturated, messy plating"
r032,"modern, tasty, attractive food photography of Sticky Harissa Prawns Fuel Box, prawns, potatoes, mushroom, spinach, olive oil, social media ready, editorial food styling, soft natural light, shallow depth of field, crisp focus, clean background, vibrant but realistic colors, plated beautifully, minimal props, subtle garnish, hero shot, 45 degree angle, composition centered, 4:5 portrait, appetizing, lunch, air-fryer, pescatarian, high-protein","blurry, lowres, text, watermark, logo, people, hands, deformed, extra fingers, bad anatomy, oversaturated, messy plating"
r042,"modern, tasty, attractive food photography of Epic Garlic Herb Tofu Macro Bowl, tofu, potatoes, broccoli, mushroom, olive oil, social media ready, editorial food styling, soft natural light, shallow depth of field, crisp focus, clean background, vibrant but realistic colors, plated beautifully, minimal props, subtle garnish, hero shot, 45 degree angle, composition centered, 4:5 portrait, appetizing, lunch, vegan, high-protein","blurry, lowres, text, watermark, logo, people, hands, deformed, extra fingers, bad anatomy, oversaturated, messy plating"
r045,"modern, tasty, attractive food photography of Smoky Korean BBQ Beef Protein Pot, beef mince, couscous, spinach, courgette, cheddar cheese, social media ready, editorial food styling, soft natural light, shallow depth of field, crisp focus, clean background, vibrant but realistic colors, plated beautifully, minimal props, subtle garnish, hero shot, 45 degree angle, composition centered, 4:5 portrait, appetizing, lunch, air-fryer, high-protein","blurry, lowres, text, watermark, logo, people, hands, deformed, extra fingers, bad anatomy, oversaturated, messy plating"
r050,"modern, tasty, attractive food photography of Golden Indian Spiced Tempeh Pasta Pot, tempeh, wholewheat pasta, sweet potato, mushroom, tahini, social media ready, editorial food styling, soft natural light, shallow depth of field, crisp focus, clean background, vibrant but realistic colors, plated beautifully, minimal props, subtle garnish, hero shot, 45 degree angle, composition centered, 4:5 portrait, appetizing, lunch, air-fryer, vegan, high-protein","blurry, lowres, text, watermark, logo, people, hands, deformed, extra fingers, bad anatomy, oversaturated, messy plating"
r051,"modern, tasty, attractive food photography of Ultimate Satay Tuna (Canned) Pasta Pot, tuna (canned), noodles (rice), bell pepper, sweet potato, cheddar cheese, social media ready, editorial food styling, soft natural light, shallow depth of field, crisp focus, clean background, vibrant but realistic colors, plated beautifully, minimal props, subtle garnish, hero shot, 45 degree angle, composition centered, 4:5 portrait, appetizing, lunch, air-fryer, pescatarian, high-protein","blurry, lowres, text, watermark, logo, people, hands, deformed, extra fingers, bad anatomy, oversaturated, messy plating"
r052,"modern, tasty, attractive food photography of Sizzling Sesame Ginger Beef Pasta Pot, beef mince, wholewheat pasta, courgette, carrot, peanut butter, social media ready, editorial food styling, soft natural light, shallow depth of field, crisp focus, clean background, vibrant but realistic colors, plated beautifully, minimal props, subtle garnish, hero shot, 45 degree angle, composition centered, 4:5 portrait, appetizing, lunch, high-protein","blurry, lowres, text, watermark, logo, people, hands, deformed, extra fingers, bad anatomy, oversaturated, messy plating"
r056,"modern, tasty, attractive food photography of Fiery Sesame Ginger Beef Protein Pot, beef mince, brown rice, onion, broccoli, peanut butter, social media ready, editorial food styling, soft natural light, shallow depth of field, crisp focus, clean background, vibrant but realistic colors, plated beautifully, minimal props, subtle garnish, hero shot, 45 degree angle, composition centered, 4:5 portrait, appetizing, lunch, air-fryer, high-protein","blurry, lowres, text, watermark, logo, people, hands, deformed, extra fingers, bad anatomy, oversaturated, messy plating"
r061,"modern, tasty, attractive food photography of Tangy Cajun Chicken Lift Pot, chicken breast, brown rice, sweet potato, spinach, cheddar cheese, social media ready, editorial food styling, soft natural light, shallow depth of field, crisp focus, clean background, vibrant but realistic colors, plated beautifully, minimal props, subtle garnish, hero shot, 45 degree angle, composition centered, 4:5 portrait, appetizing, lunch, air-fryer, high-protein","blurry, lowres, text, watermark, logo, people, hands, deformed, extra fingers, bad anatomy, oversaturated, messy plating"
r063,"modern, tasty, attractive food photography of Spicy Tikka Tofu Protein Pot, tofu, potatoes, sweet potato, bell pepper, olive oil, social media ready, editorial food styling, soft natural light, shallow depth of field, crisp focus, clean background, vibrant but realistic colors, plated beautifully, minimal props, subtle garnish, hero shot, 45 degree angle, composition centered, 4:5 portrait, appetizing, lunch, vegan, high-protein","blurry, lowres, text, watermark, logo, people, hands, deformed, extra fingers, bad anatomy, oversaturated, messy plating"
r068,"modern, tasty, attractive food photography of Supreme BBQ Tempeh Power Bowl, tempeh, couscous, broccoli, spinach, butter, social media ready, editorial food styling, soft natural light, shallow depth of field, crisp focus, clean background, vibrant but realistic colors, plated beautifully, minimal props, subtle garnish, hero shot, 45 degree angle, composition centered, 4:5 portrait, appetizing, lunch, vegan, high-protein","blurry, lowres, text, watermark, logo, people, hands, deformed, extra fingers, bad anatomy, oversaturated, messy plating"
r070,"modern, tasty, attractive food photography of Zesty Honey Mustard Salmon Lift Pot, salmon fillet, potatoes, onion, tomato, butter, social media ready, editorial food styling, soft natural light, shallow depth of field, crisp focus, clean background, vibrant but realistic colors, plated beautifully, minimal props, subtle garnish, hero shot, 45 degree angle, composition centered, 4:5 portrait, appetizing, lunch, pescatarian, high-protein","blurry, lowres, text, watermark, logo, people, hands, deformed, extra fingers, bad anatomy, oversaturated, messy plating"
r071,"modern, tasty, attractive food photography of Tangy Mexican Spiced Tuna (Canned) Lift Pot, tuna (canned), brown rice, onion, green beans, butter, social media ready, editorial food styling, soft natural light, shallow depth of field, crisp focus, clean background, vibrant but realistic colors, plated beautifully, minimal props, subtle garnish, hero shot, 45 degree angle, composition centered, 4:5 portrait, appetizing, lunch, pescatarian, high-protein","blurry, lowres, text, watermark, logo, people, hands, deformed, extra fingers, bad anatomy, oversaturated, messy plating"
r074,"modern, tasty, attractive food photography of Loaded Thai Coconut Cod Lift Pot, cod fillet, brown rice, bell pepper, green beans, butter, social media ready, editorial food styling, soft natural light, shallow depth of field, crisp focus, clean background, vibrant but realistic colors, plated beautifully, minimal props, subtle garnish, hero shot, 45 degree angle, composition centered, 4:5 portrait, appetizing, lunch, air-fryer, pescatarian, high-protein","blurry, lowres, text, watermark, logo, people, hands, deformed, extra fingers, bad anatomy, oversaturated, messy plating"
r077,"modern, tasty, attractive food photography of Golden Tikka Tuna (Canned) Lift Pot, tuna (canned), couscous, onion, sweet potato, yogurt, social media ready, editorial food styling, soft natural light, shallow depth of field, crisp focus, clean background, vibrant but realistic colors, plated beautifully, minimal props, subtle garnish, hero shot, 45 degree angle, composition centered, 4:5 portrait, appetizing, lunch, pescatarian, high-protein","blurry, lowres, text, watermark, logo, people, hands, deformed, extra fingers, bad anatomy, oversaturated, messy plating"
r079,"modern, tasty, attractive food photography of Tangy Thai Coconut Tuna (Canned) Pasta Pot, tuna (canned), wholewheat pasta, tomato, mushroom, olive oil, social media ready, editorial food styling, soft natural light, shallow depth of field, crisp focus, clean background, vibrant but realistic colors, plated beautifully, minimal props, subtle garnish, hero shot, 45 degree angle, composition centered, 4:5 portrait, appetizing, lunch, air-fryer, pescatarian, high-protein","blurry, lowres, text, watermark, logo, people, hands, deformed, extra fingers, bad anatomy, oversaturated, messy plating"
r080,"modern, tasty, attractive food photography of Creamy Satay Salmon Pasta Pot, salmon fillet, wholewheat pasta, spinach, tomato, tahini, social media ready, editorial food styling, soft natural light, shallow depth of field, crisp focus, clean background, vibrant but realistic colors, plated beautifully, minimal props, subtle garnish, hero shot, 45 degree angle, composition centered, 4:5 portrait, appetizing, lunch, pescatarian, high-protein","blurry, lowres, text, watermark, logo, people, hands, deformed, extra fingers, bad anatomy, oversaturated, messy plating"
r081,"modern, tasty, attractive food photography of Ultimate Honey Mustard Beef Pasta Pot, beef mince, wholewheat pasta, mushroom, spinach, cheddar cheese, social media ready, editorial food styling, soft natural light, shallow depth of field, crisp focus, clean background, vibrant but realistic colors, plated beautifully, minimal props, subtle garnish, hero shot, 45 degree angle, composition centered, 4:5 portrait, appetizing, lunch, air-fryer, high-protein","blurry, lowres, text, watermark, logo, people, hands, deformed, extra fingers, bad anatomy, oversaturated, messy plating"
r087,"modern, tasty, attractive food photography of Golden Sesame Ginger Turkey Pasta Pot, turkey mince, wholewheat pasta, courgette, mushroom, sesame oil, social media ready, editorial food styling, soft natural light, shallow depth of field, crisp focus, clean background, vibrant but realistic colors, plated beautifully, minimal props, subtle garnish, hero shot, 45 degree angle, composition centered, 4:5 portrait, appetizing, lunch, high-protein","blurry, lowres, text, watermark, logo, people, hands, deformed, extra fingers, bad anatomy, oversaturated, messy plating"
r105,"modern, tasty, attractive food photography of Zesty Chipotle Beef Energy Bowl, beef mince, potatoes, courgette, mushroom, sesame oil, social media ready, editorial food styling, soft natural light, shallow depth of field, crisp focus, clean background, vibrant but realistic colors, plated beautifully, minimal props, subtle garnish, hero shot, 45 degree angle, composition centered, 4:5 portrait, appetizing, lunch, high-protein","blurry, lowres, text, watermark, logo, people, hands, deformed, extra fingers, bad anatomy, oversaturated, messy plating"
r106,"modern, tasty, attractive food photography of Creamy BBQ Cod Prep Box, cod fillet, quinoa, onion, green beans, peanut butter, social media ready, editorial food styling, soft natural light, shallow depth of field, crisp focus, clean background, vibrant but realistic colors, plated beautifully, minimal props, subtle garnish, hero shot, 45 degree angle, composition centered, 4:5 portrait, appetizing, lunch, pescatarian, high-protein","blurry, lowres, text, watermark, logo, people, hands, deformed, extra fingers, bad anatomy, oversaturated, messy plating"
r109,"modern, tasty, attractive food photography of Mega Teriyaki Tuna (Canned) Build Bowl, tuna (canned), potatoes, tomato, sweet potato, olive oil, social media ready, editorial food styling, soft natural light, shallow depth of field, crisp focus, clean background, vibrant but realistic colors, plated beautifully, minimal props, subtle garnish, hero shot, 45 degree angle, composition centered, 4:5 portrait, appetizing, lunch, air-fryer, pescatarian, high-protein","blurry, lowres, text, watermark, logo, people, hands, deformed, extra fingers, bad anatomy, oversaturated, messy plating"
r115,"modern, tasty, attractive food photography of Super Harissa Beef Pasta Pot, beef mince, wholewheat pasta, spinach, onion, olive oil, social media ready, editorial food styling, soft natural light, shallow depth of field, crisp focus, clean background, vibrant but realistic colors, plated beautifully, minimal props, subtle garnish, hero shot, 45 degree angle, composition centered, 4:5 portrait, appetizing, lunch, high-protein","blurry, lowres, text, watermark, logo, people, hands, deformed, extra fingers, bad anatomy, oversaturated, messy plating"
r118,"modern, tasty, attractive food photography of Super Garlic Herb Salmon Energy Bowl, salmon fillet, potatoes, sweet potato, mushroom, peanut butter, social media ready, editorial food styling, soft natural light, shallow depth of field, crisp focus, clean background, vibrant but realistic colors, plated beautifully, minimal props, subtle garnish, hero shot, 45 degree angle, composition centered, 4:5 portrait, appetizing, lunch, air-fryer, pescatarian, high-protein","blurry, lowres, text, watermark, logo, people, hands, deformed, extra fingers, bad anatomy, oversaturated, messy plating"
r119,"modern, tasty, attractive food photography of Power Tikka Chicken Pasta Pot, chicken breast, noodles (rice), green beans, green beans, butter, social media ready, editorial food styling, soft natural light, shallow depth of field, crisp focus, clean background, vibrant but realistic colors, plated beautifully, minimal props, subtle garnish, hero shot, 45 degree angle, composition centered, 4:5 portrait, appetizing, lunch, high-protein","blurry, lowres, text, watermark, logo, people, hands, deformed, extra fingers, bad anatomy, oversaturated, messy plating"
r120,"modern, tasty, attractive food photography of Sizzling Teriyaki Turkey Fuel Box, turkey mince, quinoa, courgette, mushroom, yogurt, social media ready, editorial food styling, soft natural light, shallow depth of field, crisp focus, clean background, vibrant but realistic colors, plated beautifully, minimal props, subtle garnish, hero shot, 45 degree angle, composition centered, 4:5 portrait, appetizing, lunch, high-protein","blurry, lowres, text, watermark, logo, people, hands, deformed, extra fingers, bad anatomy, oversaturated, messy plating"
r128,"modern, tasty, attractive food photography of Loaded Honey Mustard Cod Pasta Pot, cod fillet, noodles (rice), sweet potato, broccoli, butter, social media ready, editorial food styling, soft natural light, shallow depth of field, crisp focus, clean background, vibrant but realistic colors, plated beautifully, minimal props, subtle garnish, hero shot, 45 degree angle, composition centered, 4:5 portrait, appetizing, lunch, pescatarian, high-protein","blurry, lowres, text, watermark, logo, people, hands, deformed, extra fingers, bad anatomy, oversaturated, messy plating"
r135,"modern, tasty, attractive food photography of Ultimate Buffalo Salmon Pasta Pot, salmon fillet, noodles (rice), sweet potato, sweet potato, cheddar cheese, social media ready, editorial food styling, soft natural light, shallow depth of field, crisp focus, clean background, vibrant but realistic colors, plated beautifully, minimal props, subtle garnish, hero shot, 45 degree angle, composition centered, 4:5 portrait, appetizing, lunch, air-fryer, pescatarian, high-protein","blurry, lowres, text, watermark, logo, people, hands, deformed, extra fingers, bad anatomy, oversaturated, messy plating"
r137,"modern, tasty, attractive food photography of Power BBQ Chicken Prep Box, chicken breast, potatoes, sweet potato, onion, olive oil, social media ready, editorial food styling, soft natural light, shallow depth of field, crisp focus, clean background, vibrant but realistic colors, plated beautifully, minimal props, subtle garnish, hero shot, 45 degree angle, composition centered, 4:5 portrait, appetizing, lunch, air-fryer, high-protein","blurry, lowres, text, watermark, logo, people, hands, deformed, extra fingers, bad anatomy, oversaturated, messy plating"
r138,"modern, tasty, attractive food photography of Supreme Korean BBQ Tofu Energy Bowl, tofu, rice, courgette, sweet potato, tahini, social media ready, editorial food styling, soft natural light, shallow depth of field, crisp focus, clean background, vibrant but realistic colors, plated beautifully, minimal props, subtle garnish, hero shot, 45 degree angle, composition centered, 4:5 portrait, appetizing, lunch, vegan, high-protein","blurry, lowres, text, watermark, logo, people, hands, deformed, extra fingers, bad anatomy, oversaturated, messy plating"
r143,"modern, tasty, attractive food photography of Ultimate Lemon Pepper Turkey Energy Bowl, turkey mince, quinoa, mushroom, sweet potato, butter, social media ready, editorial food styling, soft natural light, shallow depth of field, crisp focus, clean background, vibrant but realistic colors, plated beautifully, minimal props, subtle garnish, hero shot, 45 degree angle, composition centered, 4:5 portrait, appetizing, lunch, high-protein","blurry, lowres, text, watermark, logo, people, hands, deformed, extra fingers, bad anatomy, oversaturated, messy plating"
r144,"modern, tasty, attractive food photography of Ultimate Buffalo Tofu Pasta Pot, tofu, wholewheat pasta, green beans, courgette, yogurt, social media ready, editorial food styling, soft natural light, shallow depth of field, crisp focus, clean background, vibrant but realistic colors, plated beautifully, minimal props, subtle garnish, hero shot, 45 degree angle, composition centered, 4:5 portrait, appetizing, lunch, air-fryer, vegan, high-protein","blurry, lowres, text, watermark, logo, people, hands, deformed, extra fingers, bad anatomy, oversaturated, messy plating"
r146,"modern, tasty, attractive food photography of Zesty Sesame Ginger Tempeh Power Bowl, tempeh, couscous, bell pepper, green beans, sesame oil, social media ready, editorial food styling, soft natural light, shallow depth of field, crisp focus, clean background, vibrant but realistic colors, plated beautifully, minimal props, subtle garnish, hero shot, 45 degree angle, composition centered, 4:5 portrait, appetizing, lunch, vegan, high-protein","blurry, lowres, text, watermark, logo, people, hands, deformed, extra fingers, bad anatomy, oversaturated, messy plating"
r147,"modern, tasty, attractive food photography of Fiery Teriyaki Tempeh Pasta Pot, tempeh, noodles (rice), sweet potato, green beans, cheddar cheese, social media ready, editorial food styling, soft natural light, shallow depth of field, crisp focus, clean background, vibrant but realistic colors, plated beautifully, minimal props, subtle garnish, hero shot, 45 degree angle, composition centered, 4:5 portrait, appetizing, lunch, vegan, high-protein","blurry, lowres, text, watermark, logo, people, hands, deformed, extra fingers, bad anatomy, oversaturated, messy plating"
r148,"modern, tasty, attractive food photography of Golden Cajun Prawns Build Bowl, prawns, rice, green beans, courgette, butter, social media ready, editorial food styling, soft natural light, shallow depth of field, crisp focus, clean background, vibrant but realistic colors, plated beautifully, minimal props, subtle garnish, hero shot, 45 degree angle, composition centered, 4:5 portrait, appetizing, lunch, air-fryer, pescatarian, high-protein","blurry, lowres, text, watermark, logo, people, hands, deformed, extra fingers, bad anatomy, oversaturated, messy plating"
r151,"modern, tasty, attractive food photography of Creamy Honey Mustard Tuna (Canned) Pasta Pot, tuna (canned), wholewheat pasta, courgette, green beans, yogurt, social media ready, editorial food styling, soft natural light, shallow depth of field, crisp focus, clean background, vibrant but realistic colors, plated beautifully, minimal props, subtle garnish, hero shot, 45 degree angle, composition centered, 4:5 portrait, appetizing, lunch, pescatarian, high-protein","blurry, lowres, text, watermark, logo, people, hands, deformed, extra fingers, bad anatomy, oversaturated, messy plating"
r155,"modern, tasty, attractive food photography of Spicy Garlic Herb Beef Macro Bowl, beef mince, potatoes, green beans, tomato, yogurt, social media ready, editorial food styling, soft natural light, shallow depth of field, crisp focus, clean background, vibrant but realistic colors, plated beautifully, minimal props, subtle garnish, hero shot, 45 degree angle, composition centered, 4:5 portrait, appetizing, lunch, high-protein","blurry, lowres, text, watermark, logo, people, hands, deformed, extra fingers, bad anatomy, oversaturated, messy plating"
r156,"modern, tasty, attractive food photography of Creamy Indian Spiced Cod Lift Pot, cod fillet, brown rice, sweet potato, sweet potato, peanut butter, social media ready, editorial food styling, soft natural light, shallow depth of field, crisp focus, clean background, vibrant but realistic colors, plated beautifully, minimal props, subtle garnish, hero shot, 45 degree angle, composition centered, 4:5 portrait, appetizing, lunch, pescatarian, high-protein","blurry, lowres, text, watermark, logo, people, hands, deformed, extra fingers, bad anatomy, oversaturated, messy plating"
r158,"modern, tasty, attractive food photography of Crispy Lemon Pepper Salmon Energy Bowl, salmon fillet, potatoes, green beans, onion, peanut butter, social media ready, editorial food styling, soft natural light, shallow depth of field, crisp focus, clean background, vibrant but realistic colors, plated beautifully, minimal props, subtle garnish, hero shot, 45 degree angle, composition centered, 4:5 portrait, appetizing, lunch, air-fryer, pescatarian, high-protein","blurry, lowres, text, watermark, logo, people, hands, deformed, extra fingers, bad anatomy, oversaturated, messy plating"
r161,"modern, tasty, attractive food photography of Spicy Mediterranean Tempeh Lift Pot, tempeh, brown rice, broccoli, tomato, peanut butter, social media ready, editorial food styling, soft natural light, shallow depth of field, crisp focus, clean background, vibrant but realistic colors, plated beautifully, minimal props, subtle garnish, hero shot, 45 degree angle, composition centered, 4:5 portrait, appetizing, lunch, air-fryer, vegan, high-protein","blurry, lowres, text, watermark, logo, people, hands, deformed, extra fingers, bad anatomy, oversaturated, messy plating"
r162,"modern, tasty, attractive food photography of Loaded Satay Beef Power Bowl, beef mince, couscous, spinach, courgette, tahini, social media ready, editorial food styling, soft natural light, shallow depth of field, crisp focus, clean background, vibrant but realistic colors, plated beautifully, minimal props, subtle garnish, hero shot, 45 degree angle, composition centered, 4:5 portrait, appetizing, lunch, high-protein","blurry, lowres, text, watermark, logo, people, hands, deformed, extra fingers, bad anatomy, oversaturated, messy plating"
r163,"modern, tasty, attractive food photography of Sticky Thai Coconut Cod Pasta Pot, cod fillet, noodles (rice), onion, mushroom, peanut butter, social media ready, editorial food styling, soft natural light, shallow depth of field, crisp focus, clean background, vibrant but realistic colors, plated beautifully, minimal props, subtle garnish, hero shot, 45 degree angle, composition centered, 4:5 portrait, appetizing, lunch, pescatarian, high-protein","blurry, lowres, text, watermark, logo, people, hands, deformed, extra fingers, bad anatomy, oversaturated, messy plating"
r165,"modern, tasty, attractive food photography of Power BBQ Prawns Power Bowl, prawns, rice, bell pepper, tomato, yogurt, social media ready, editorial food styling, soft natural light, shallow depth of field, crisp focus, clean background, vibrant but realistic colors, plated beautifully, minimal props, subtle garnish, hero shot, 45 degree angle, composition centered, 4:5 portrait, appetizing, lunch, pescatarian, high-protein","blurry, lowres, text, watermark, logo, people, hands, deformed, extra fingers, bad anatomy, oversaturated, messy plating"
r170,"modern, tasty, attractive food photography of Loaded Thai Coconut Turkey Prep Box, turkey mince, rice, sweet potato, tomato, sesame oil, social media ready, editorial food styling, soft natural light, shallow depth of field, crisp focus, clean background, vibrant but realistic colors, plated beautifully, minimal props, subtle garnish, hero shot, 45 degree angle, composition centered, 4:5 portrait, appetizing, lunch, high-protein","blurry, lowres, text, watermark, logo, people, hands, deformed, extra fingers, bad anatomy, oversaturated, messy plating"
r171,"modern, tasty, attractive food photography of Crispy Sesame Ginger Tempeh Macro Bowl, tempeh, couscous, bell pepper, onion, olive oil, social media ready, editorial food styling, soft natural light, shallow depth of field, crisp focus, clean background, vibrant but realistic colors, plated beautifully, minimal props, subtle garnish, hero shot, 45 degree angle, composition centered, 4:5 portrait, appetizing, lunch, vegan, high-protein","blurry, lowres, text, watermark, logo, people, hands, deformed, extra fingers, bad anatomy, oversaturated, messy plating"
r173,"modern, tasty, attractive food photography of Smoky Lemon Pepper Salmon Energy Bowl, salmon fillet, brown rice, broccoli, carrot, sesame oil, social media ready, editorial food styling, soft natural light, shallow depth of field, crisp focus, clean background, vibrant but realistic colors, plated beautifully, minimal props, subtle garnish, hero shot, 45 degree angle, composition centered, 4:5 portrait, appetizing, lunch, pescatarian, high-protein","blurry, lowres, text, watermark, logo, people, hands, deformed, extra fingers, bad anatomy, oversaturated, messy plating"
r174,"modern, tasty, attractive food photography of Sizzling Cajun Tuna (Canned) Pasta Pot, tuna (canned), noodles (rice), spinach, mushroom, sesame oil, social media ready, editorial food styling, soft natural light, shallow depth of field, crisp focus, clean background, vibrant but realistic colors, plated beautifully, minimal props, subtle garnish, hero shot, 45 degree angle, composition centered, 4:5 portrait, appetizing, lunch, pescatarian, high-protein","blurry, lowres, text, watermark, logo, people, hands, deformed, extra fingers, bad anatomy, oversaturated, messy plating"
r175,"modern, tasty, attractive food photography of Sticky Garlic Herb Salmon Lift Pot, salmon fillet, brown rice, courgette, carrot, sesame oil, social media ready, editorial food styling, soft natural light, shallow depth of field, crisp focus, clean background, vibrant but realistic colors, plated beautifully, minimal props, subtle garnish, hero shot, 45 degree angle, composition centered, 4:5 portrait, appetizing, lunch, pescatarian, high-protein","blurry, lowres, text, watermark, logo, people, hands, deformed, extra fingers, bad anatomy, oversaturated, messy plating"
r176,"modern, tasty, attractive food photography of Spicy Cajun Cod Energy Bowl, cod fillet, potatoes, onion, green beans, olive oil, social media ready, editorial food styling, soft natural light, shallow depth of field, crisp focus, clean background, vibrant but realistic colors, plated beautifully, minimal props, subtle garnish, hero shot, 45 degree angle, composition centered, 4:5 portrait, appetizing, lunch, air-fryer, pescatarian, high-protein","blurry, lowres, text, watermark, logo, people, hands, deformed, extra fingers, bad anatomy, oversaturated, messy plating"
r178,"modern, tasty, attractive food photography of Supreme Tikka Chicken Power Bowl, chicken breast, couscous, green beans, mushroom, butter, social media ready, editorial food styling, soft natural light, shallow depth of field, crisp focus, clean background, vibrant but realistic colors, plated beautifully, minimal props, subtle garnish, hero shot, 45 degree angle, composition centered, 4:5 portrait, appetizing, lunch, high-protein","blurry, lowres, text, watermark, logo, people, hands, deformed, extra fingers, bad anatomy, oversaturated, messy plating"
r179,"modern, tasty, attractive food photography of Tangy Mediterranean Turkey Pasta Pot, turkey mince, noodles (rice), broccoli, mushroom, peanut butter, social media ready, editorial food styling, soft natural light, shallow depth of field, crisp focus, clean background, vibrant but realistic colors, plated beautifully, minimal props, subtle garnish, hero shot, 45 degree angle, composition centered, 4:5 portrait, appetizing, lunch, high-protein","blurry, lowres, text, watermark, logo, people, hands, deformed, extra fingers, bad anatomy, oversaturated, messy plating"
r180,"modern, tasty, attractive food photography of Tangy Indian Spiced Salmon Pasta Pot, salmon fillet, wholewheat pasta, broccoli, spinach, tahini, social media ready, editorial food styling, soft natural light, shallow depth of field, crisp focus, clean background, vibrant but realistic colors, plated beautifully, minimal props, subtle garnish, hero shot, 45 degree angle, composition centered, 4:5 portrait, appetizing, lunch, pescatarian, high-protein","blurry, lowres, text, watermark, logo, people, hands, deformed, extra fingers, bad anatomy, oversaturated, messy plating"
r182,"modern, tasty, attractive food photography of Golden Peri-Peri Salmon Energy Bowl, salmon fillet, couscous, carrot, onion, butter, social media ready, editorial food styling, soft natural light, shallow depth of field, crisp focus, clean background, vibrant but realistic colors, plated beautifully, minimal props, subtle garnish, hero shot, 45 degree angle, composition centered, 4:5 portrait, appetizing, lunch, air-fryer, pescatarian, high-protein","blurry, lowres, text, watermark, logo, people, hands, deformed, extra fingers, bad anatomy, oversaturated, messy plating"
r190,"modern, tasty, attractive food photography of Super Buffalo Chicken Protein Pot, chicken breast, brown rice, green beans, broccoli, cheddar cheese, social media ready, editorial food styling, soft natural light, shallow depth of field, crisp focus, clean background, vibrant but realistic colors, plated beautifully, minimal props, subtle garnish, hero shot, 45 degree angle, composition centered, 4:5 portrait, appetizing, lunch, high-protein","blurry, lowres, text, watermark, logo, people, hands, deformed, extra fingers, bad anatomy, oversaturated, messy plating"
r195,"modern, tasty, attractive food photography of Epic Garlic Herb Turkey Power Bowl, turkey mince, quinoa, sweet potato, green beans, yogurt, social media ready, editorial food styling, soft natural light, shallow depth of field, crisp focus, clean background, vibrant but realistic colors, plated beautifully, minimal props, subtle garnish, hero shot, 45 degree angle, composition centered, 4:5 portrait, appetizing, lunch, air-fryer, high-protein","blurry, lowres, text, watermark, logo, people, hands, deformed, extra fingers, bad anatomy, oversaturated, messy plating"
r197,"modern, tasty, attractive food photography of Blazing Thai Coconut Beef Pasta Pot, beef mince, wholewheat pasta, sweet potato, bell pepper, yogurt, social media ready, editorial food styling, soft natural light, shallow depth of field, crisp focus, clean background, vibrant but realistic colors, plated beautifully, minimal props, subtle garnish, hero shot, 45 degree angle, composition centered, 4:5 portrait, appetizing, lunch, air-fryer, high-protein","blurry, lowres, text, watermark, logo, people, hands, deformed, extra fingers, bad anatomy, oversaturated, messy plating"
r198,"modern, tasty, attractive food photography of Smoky Thai Coconut Salmon Prep Box, salmon fillet, couscous, carrot, sweet potato, sesame oil, social media ready, editorial food styling, soft natural light, shallow depth of field, crisp focus, clean background, vibrant but realistic colors, plated beautifully, minimal props, subtle garnish, hero shot, 45 degree angle, composition centered, 4:5 portrait, appetizing, lunch, pescatarian, high-protein","blurry, lowres, text, watermark, logo, people, hands, deformed, extra fingers, bad anatomy, oversaturated, messy plating"
r200,"modern, tasty, attractive food photography of Tangy Buffalo Cod Macro Bowl, cod fillet, brown rice, carrot, courgette, butter, social media ready, editorial food styling, soft natural light, shallow depth of field, crisp focus, clean background, vibrant but realistic colors, plated beautifully, minimal props, subtle garnish, hero shot, 45 degree angle, composition centered, 4:5 portrait, appetizing, lunch, pescatarian, high-protein","blurry, lowres, text, watermark, logo, people, hands, deformed, extra fingers, bad anatomy, oversaturated, messy plating"
r206,"modern, tasty, attractive food photography of Sticky Mediterranean Prawns Build Bowl, prawns, quinoa, sweet potato, sweet potato, yogurt, social media ready, editorial food styling, soft natural light, shallow depth of field, crisp focus, clean background, vibrant but realistic colors, plated beautifully, minimal props, subtle garnish, hero shot, 45 degree angle, composition centered, 4:5 portrait, appetizing, lunch, pescatarian, high-protein","blurry, lowres, text, watermark, logo, people, hands, deformed, extra fingers, bad anatomy, oversaturated, messy plating"
r210,"modern, tasty, attractive food photography of Tangy Buffalo Tempeh Protein Pot, tempeh, brown rice, carrot, carrot, peanut butter, social media ready, editorial food styling, soft natural light, shallow depth of field, crisp focus, clean background, vibrant but realistic colors, plated beautifully, minimal props, subtle garnish, hero shot, 45 degree angle, composition centered, 4:5 portrait, appetizing, lunch, vegan, high-protein","blurry, lowres, text, watermark, logo, people, hands, deformed, extra fingers, bad anatomy, oversaturated, messy plating"
r212,"modern, tasty, attractive food photography of Sticky Indian Spiced Tofu Power Bowl, tofu, potatoes, mushroom, sweet potato, tahini, social media ready, editorial food styling, soft natural light, shallow depth of field, crisp focus, clean background, vibrant but realistic colors, plated beautifully, minimal props, subtle garnish, hero shot, 45 degree angle, composition centered, 4:5 portrait, appetizing, lunch, vegan, high-protein","blurry, lowres, text, watermark, logo, people, hands, deformed, extra fingers, bad anatomy, oversaturated, messy plating"
r218,"modern, tasty, attractive food photography of Smoky Buffalo Eggs Fuel Box, eggs, potatoes, courgette, tomato, butter, social media ready, editorial food styling, soft natural light, shallow depth of field, crisp focus, clean background, vibrant but realistic colors, plated beautifully, minimal props, subtle garnish, hero shot, 45 degree angle, composition centered, 4:5 portrait, appetizing, lunch, air-fryer","blurry, lowres, text, watermark, logo, people, hands, deformed, extra fingers, bad anatomy, oversaturated, messy plating"
r220,"modern, tasty, attractive food photography of Zesty Turkey Protein Stack, turkey mince, brown rice, courgette, sweet potato, peanut butter, social media ready, editorial food styling, soft natural light, shallow depth of field, crisp focus, clean background, vibrant but realistic colors, plated beautifully, minimal props, subtle garnish, hero shot, 45 degree angle, composition centered, 4:5 portrait, appetizing, lunch, air-fryer, high-protein","blurry, lowres, text, watermark, logo, people, hands, deformed, extra fingers, bad anatomy, oversaturated, messy plating"
r221,"modern, tasty, attractive food photography of Sticky Eggs Protein Stack, eggs, couscous, sweet potato, courgette, butter, social media ready, editorial food styling, soft natural light, shallow depth of field, crisp focus, clean background, vibrant but realistic colors, plated beautifully, minimal props, subtle garnish, hero shot, 45 degree angle, composition centered, 4:5 portrait, appetizing, lunch, air-fryer","blurry, lowres, text, watermark, logo, people, hands, deformed, extra fingers, bad anatomy, oversaturated, messy plating"
r222,"modern, tasty, attractive food photography of Blazing Indian Spiced Chicken Pasta Pot, chicken breast, noodles (rice), broccoli, onion, yogurt, social media ready, editorial food styling, soft natural light, shallow depth of field, crisp focus, clean background, vibrant but realistic colors, plated beautifully, minimal props, subtle garnish, hero shot, 45 degree angle, composition centered, 4:5 portrait, appetizing, lunch, air-fryer, high-protein","blurry, lowres, text, watermark, logo, people, hands, deformed, extra fingers, bad anatomy, oversaturated, messy plating"
r223,"modern, tasty, attractive food photography of Crispy Sesame Ginger Beef Pasta Pot, beef mince, wholewheat pasta, courgette, bell pepper, tahini, social media ready, editorial food styling, soft natural light, shallow depth of field, crisp focus, clean background, vibrant but realistic colors, plated beautifully, minimal props, subtle garnish, hero shot, 45 degree angle, composition centered, 4:5 portrait, appetizing, lunch, high-protein","blurry, lowres, text, watermark, logo, people, hands, deformed, extra fingers, bad anatomy, oversaturated, messy plating"
r224,"modern, tasty, attractive food photography of Tangy Peri-Peri Salmon Fuel Box, salmon fillet, rice, bell pepper, spinach, olive oil, social media ready, editorial food styling, soft natural light, shallow depth of field, crisp focus, clean background, vibrant but realistic colors, plated beautifully, minimal props, subtle garnish, hero shot, 45 degree angle, composition centered, 4:5 portrait, appetizing, dinner, air-fryer, pescatarian, high-protein","blurry, lowres, text, watermark, logo, people, hands, deformed, extra fingers, bad anatomy, oversaturated, messy plating"
r225,"modern, tasty, attractive food photography of Zesty Chipotle Chicken Pasta Pot, chicken breast, wholewheat pasta, mushroom, sweet potato, sesame oil, social media ready, editorial food styling, soft natural light, shallow depth of field, crisp focus, clean background, vibrant but realistic colors, plated beautifully, minimal props, subtle garnish, hero shot, 45 degree angle, composition centered, 4:5 portrait, appetizing, lunch, air-fryer, high-protein","blurry, lowres, text, watermark, logo, people, hands, deformed, extra fingers, bad anatomy, oversaturated, messy plating"
r226,"modern, tasty, attractive food photography of Tangy Garlic Herb Prawns Power Bowl, prawns, quinoa, onion, bell pepper, peanut butter, social media ready, editorial food styling, soft natural light, shallow depth of field, crisp focus, clean background, vibrant but realistic colors, plated beautifully, minimal props, subtle garnish, hero shot, 45 degree angle, composition centered, 4:5 portrait, appetizing, lunch, pescatarian, high-protein","blurry, lowres, text, watermark, logo, people, hands, deformed, extra fingers, bad anatomy, oversaturated, messy plating"
r227,"modern, tasty, attractive food photography of Power Peri-Peri Beef Protein Pot, beef mince, potatoes, sweet potato, bell pepper, sesame oil, social media ready, editorial food styling, soft natural light, shallow depth of field, crisp focus, clean background, vibrant but realistic colors, plated beautifully, minimal props, subtle garnish, hero shot, 45 degree angle, composition centered, 4:5 portrait, appetizing, dinner, high-protein","blurry, lowres, text, watermark, logo, people, hands, deformed, extra fingers, bad anatomy, oversaturated, messy plating"
r228,"modern, tasty, attractive food photography of Supreme Honey Mustard Prawns Fuel Box, prawns, quinoa, bell pepper, green beans, peanut butter, social media ready, editorial food styling, soft natural light, shallow depth of field, crisp focus, clean background, vibrant but realistic colors, plated beautifully, minimal props, subtle garnish, hero shot, 45 degree angle, composition centered, 4:5 portrait, appetizing, lunch, pescatarian, high-protein","blurry, lowres, text, watermark, logo, people, hands, deformed, extra fingers, bad anatomy, oversaturated, messy plating"
r229,"modern, tasty, attractive food photography of Crispy Lemon Pepper Cod Fuel Box, cod fillet, potatoes, spinach, tomato, cheddar cheese, social media ready, editorial food styling, soft natural light, shallow depth of field, crisp focus, clean background, vibrant but realistic colors, plated beautifully, minimal props, subtle garnish, hero shot, 45 degree angle, composition centered, 4:5 portrait, appetizing, dinner, air-fryer, pescatarian, high-protein","blurry, lowres, text, watermark, logo, people, hands, deformed, extra fingers, bad anatomy, oversaturated, messy plating"
r230,"modern, tasty, attractive food photography of Golden Harissa Tuna (Canned) Macro Bowl, tuna (canned), rice, courgette, mushroom, yogurt, social media ready, editorial food styling, soft natural light, shallow depth of field, crisp focus, clean background, vibrant but realistic colors, plated beautifully, minimal props, subtle garnish, hero shot, 45 degree angle, composition centered, 4:5 portrait, appetizing, dinner, air-fryer, pescatarian, high-protein","blurry, lowres, text, watermark, logo, people, hands, deformed, extra fingers, bad anatomy, oversaturated, messy plating"
r231,"modern, tasty, attractive food photography of Loaded Mexican Spiced Turkey Energy Bowl, turkey mince, quinoa, broccoli, green beans, tahini, social media ready, editorial food styling, soft natural light, shallow depth of field, crisp focus, clean background, vibrant but realistic colors, plated beautifully, minimal props, subtle garnish, hero shot, 45 degree angle, composition centered, 4:5 portrait, appetizing, dinner, air-fryer, high-protein","blurry, lowres, text, watermark, logo, people, hands, deformed, extra fingers, bad anatomy, oversaturated, messy plating"
r232,"modern, tasty, attractive food photography of Sizzling Teriyaki Eggs Protein Pot, eggs, quinoa, bell pepper, bell pepper, sesame oil, social media ready, editorial food styling, soft natural light, shallow depth of field, crisp focus, clean background, vibrant but realistic colors, plated beautifully, minimal props, subtle garnish, hero shot, 45 degree angle, composition centered, 4:5 portrait, appetizing, dinner","blurry, lowres, text, watermark, logo, people, hands, deformed, extra fingers, bad anatomy, oversaturated, messy plating"
r233,"modern, tasty, attractive food photography of Creamy Garlic Herb Turkey Prep Box, turkey mince, couscous, spinach, spinach, yogurt, social media ready, editorial food styling, soft natural light, shallow depth of field, crisp focus, clean background, vibrant but realistic colors, plated beautifully, minimal props, subtle garnish, hero shot, 45 degree angle, composition centered, 4:5 portrait, appetizing, dinner, air-fryer, high-protein","blurry, lowres, text, watermark, logo, people, hands, deformed, extra fingers, bad anatomy, oversaturated, messy plating"
r234,"modern, tasty, attractive food photography of Sticky Mediterranean Beef Fuel Box, beef mince, brown rice, broccoli, sweet potato, peanut butter, social media ready, editorial food styling, soft natural light, shallow depth of field, crisp focus, clean background, vibrant but realistic colors, plated beautifully, minimal props, subtle garnish, hero shot, 45 degree angle, composition centered, 4:5 portrait, appetizing, dinner, air-fryer, high-protein","blurry, lowres, text, watermark, logo, people, hands, deformed, extra fingers, bad anatomy, oversaturated, messy plating"
r235,"modern, tasty, attractive food photography of Power Korean BBQ Turkey Protein Pot, turkey mince, rice, mushroom, green beans, butter, social media ready, editorial food styling, soft natural light, shallow depth of field, crisp focus, clean background, vibrant but realistic colors, plated beautifully, minimal props, subtle garnish, hero shot, 45 degree angle, composition centered, 4:5 portrait, appetizing, lunch, high-protein","blurry, lowres, text, watermark, logo, people, hands, deformed, extra fingers, bad anatomy, oversaturated, messy plating"
r236,"modern, tasty, attractive food photography of Sticky Tempeh Protein Stack, tempeh, quinoa, onion, bell pepper, tahini, social media ready, editorial food styling, soft natural light, shallow depth of field, crisp focus, clean background, vibrant but realistic colors, plated beautifully, minimal props, subtle garnish, hero shot, 45 degree angle, composition centered, 4:5 portrait, appetizing, lunch, vegan, high-protein","blurry, lowres, text, watermark, logo, people, hands, deformed, extra fingers, bad anatomy, oversaturated, messy plating"
r237,"modern, tasty, attractive food photography of Smoky Chicken Protein Stack, chicken breast, couscous, mushroom, onion, peanut butter, social media ready, editorial food styling, soft natural light, shallow depth of field, crisp focus, clean background, vibrant but realistic colors, plated beautifully, minimal props, subtle garnish, hero shot, 45 degree angle, composition centered, 4:5 portrait, appetizing, lunch, air-fryer, high-protein","blurry, lowres, text, watermark, logo, people, hands, deformed, extra fingers, bad anatomy, oversaturated, messy plating"
r238,"modern, tasty, attractive food photography of Super Korean BBQ Prawns Energy Bowl, prawns, rice, courgette, green beans, sesame oil, social media ready, editorial food styling, soft natural light, shallow depth of field, crisp focus, clean background, vibrant but realistic colors, plated beautifully, minimal props, subtle garnish, hero shot, 45 degree angle, composition centered, 4:5 portrait, appetizing, dinner, air-fryer, pescatarian, high-protein","blurry, lowres, text, watermark, logo, people, hands, deformed, extra fingers, bad anatomy, oversaturated, messy plating"
r239,"modern, tasty, attractive food photography of Smoky Thai Coconut Tempeh Pasta Pot, tempeh, noodles (rice), courgette, green beans, olive oil, social media ready, editorial food styling, soft natural light, shallow depth of field, crisp focus, clean background, vibrant but realistic colors, plated beautifully, minimal props, subtle garnish, hero shot, 45 degree angle, composition centered, 4:5 portrait, appetizing, lunch, vegan, high-protein","blurry, lowres, text, watermark, logo, people, hands, deformed, extra fingers, bad anatomy, oversaturated, messy plating"
r240,"modern, tasty, attractive food photography of Loaded Sesame Ginger Tuna (Canned) Pasta Pot, tuna (canned), wholewheat pasta, sweet potato, green beans, sesame oil, social media ready, editorial food styling, soft natural light, shallow depth of field, crisp focus, clean background, vibrant but realistic colors, plated beautifully, minimal props, subtle garnish, hero shot, 45 degree angle, composition centered, 4:5 portrait, appetizing, lunch, air-fryer, pescatarian, high-protein","blurry, lowres, text, watermark, logo, people, hands, deformed, extra fingers, bad anatomy, oversaturated, messy plating"
r241,"modern, tasty, attractive food photography of Spicy Lemon Pepper Chicken Build Bowl, chicken breast, rice, mushroom, bell pepper, peanut butter, social media ready, editorial food styling, soft natural light, shallow depth of field, crisp focus, clean background, vibrant but realistic colors, plated beautifully, minimal props, subtle garnish, hero shot, 45 degree angle, composition centered, 4:5 portrait, appetizing, lunch, high-protein","blurry, lowres, text, watermark, logo, people, hands, deformed, extra fingers, bad anatomy, oversaturated, messy plating"
r242,"modern, tasty, attractive food photography of Blazing Honey Mustard Turkey Power Bowl, turkey mince, quinoa, mushroom, sweet potato, peanut butter, social media ready, editorial food styling, soft natural light, shallow depth of field, crisp focus, clean background, vibrant but realistic colors, plated beautifully, minimal props, subtle garnish, hero shot, 45 degree angle, composition centered, 4:5 portrait, appetizing, lunch, air-fryer, high-protein","blurry, lowres, text, watermark, logo, people, hands, deformed, extra fingers, bad anatomy, oversaturated, messy plating"
r243,"modern, tasty, attractive food photography of Golden Sesame Ginger Chicken Prep Box, chicken breast, quinoa, tomato, courgette, tahini, social media ready, editorial food styling, soft natural light, shallow depth of field, crisp focus, clean background, vibrant but realistic colors, plated beautifully, minimal props, subtle garnish, hero shot, 45 degree angle, composition centered, 4:5 portrait, appetizing, dinner, air-fryer, high-protein","blurry, lowres, text, watermark, logo, people, hands, deformed, extra fingers, bad anatomy, oversaturated, messy plating"
r245,"modern, tasty, attractive food photography of Zesty Cajun Tempeh Pasta Pot, tempeh, wholewheat pasta, bell pepper, tomato, olive oil, social media ready, editorial food styling, soft natural light, shallow depth of field, crisp focus, clean background, vibrant but realistic colors, plated beautifully, minimal props, subtle garnish, hero shot, 45 degree angle, composition centered, 4:5 portrait, appetizing, lunch, air-fryer, vegan, high-protein","blurry, lowres, text, watermark, logo, people, hands, deformed, extra fingers, bad anatomy, oversaturated, messy plating"
r246,"modern, tasty, attractive food photography of Super Tikka Salmon Energy Bowl, salmon fillet, couscous, broccoli, tomato, olive oil, social media ready, editorial food styling, soft natural light, shallow depth of field, crisp focus, clean background, vibrant but realistic colors, plated beautifully, minimal props, subtle garnish, hero shot, 45 degree angle, composition centered, 4:5 portrait, appetizing, dinner, pescatarian, high-protein","blurry, lowres, text, watermark, logo, people, hands, deformed, extra fingers, bad anatomy, oversaturated, messy plating"
r247,"modern, tasty, attractive food photography of Sticky Harissa Salmon Fuel Box, salmon fillet, rice, bell pepper, broccoli, sesame oil, social media ready, editorial food styling, soft natural light, shallow depth of field, crisp focus, clean background, vibrant but realistic colors, plated beautifully, minimal props, subtle garnish, hero shot, 45 degree angle, composition centered, 4:5 portrait, appetizing, dinner, air-fryer, pescatarian, high-protein","blurry, lowres, text, watermark, logo, people, hands, deformed, extra fingers, bad anatomy, oversaturated, messy plating"
r248,"modern, tasty, attractive food photography of Zesty Honey Mustard Turkey Pasta Pot, turkey mince, wholewheat pasta, broccoli, spinach, cheddar cheese, social media ready, editorial food styling, soft natural light, shallow depth of field, crisp focus, clean background, vibrant but realistic colors, plated beautifully, minimal props, subtle garnish, hero shot, 45 degree angle, composition centered, 4:5 portrait, appetizing, dinner, high-protein","blurry, lowres, text, watermark, logo, people, hands, deformed, extra fingers, bad anatomy, oversaturated, messy plating"
r249,"modern, tasty, attractive food photography of Fiery Mexican Spiced Chicken Energy Bowl, chicken breast, potatoes, mushroom, broccoli, tahini, social media ready, editorial food styling, soft natural light, shallow depth of field, crisp focus, clean background, vibrant but realistic colors, plated beautifully, minimal props, subtle garnish, hero shot, 45 degree angle, composition centered, 4:5 portrait, appetizing, lunch, air-fryer, high-protein","blurry, lowres, text, watermark, logo, people, hands, deformed, extra fingers, bad anatomy, oversaturated, messy plating"
r250,"modern, tasty, attractive food photography of Epic Harissa Tempeh Protein Pot, tempeh, rice, carrot, spinach, yogurt, social media ready, editorial food styling, soft natural light, shallow depth of field, crisp focus, clean background, vibrant but realistic colors, plated beautifully, minimal props, subtle garnish, hero shot, 45 degree angle, composition centered, 4:5 portrait, appetizing, lunch, vegan, high-protein","blurry, lowres, text, watermark, logo, people, hands, deformed, extra fingers, bad anatomy, oversaturated, messy plating"
r251,"modern, tasty, attractive food photography of Sticky Mexican Spiced Tofu Pasta Pot, tofu, noodles (rice), spinach, broccoli, cheddar cheese, social media ready, editorial food styling, soft natural light, shallow depth of field, crisp focus, clean background, vibrant but realistic colors, plated beautifully, minimal props, subtle garnish, hero shot, 45 degree angle, composition centered, 4:5 portrait, appetizing, lunch, air-fryer, vegan, high-protein","blurry, lowres, text, watermark, logo, people, hands, deformed, extra fingers, bad anatomy, oversaturated, messy plating"
r252,"modern, tasty, attractive food photography of Sizzling Mexican Spiced Eggs Pasta Pot, eggs, wholewheat pasta, broccoli, carrot, olive oil, social media ready, editorial food styling, soft natural light, shallow depth of field, crisp focus, clean background, vibrant but realistic colors, plated beautifully, minimal props, subtle garnish, hero shot, 45 degree angle, composition centered, 4:5 portrait, appetizing, dinner, air-fryer","blurry, lowres, text, watermark, logo, people, hands, deformed, extra fingers, bad anatomy, oversaturated, messy plating"
r253,"modern, tasty, attractive food photography of Blazing Sesame Ginger Salmon Macro Bowl, salmon fillet, rice, spinach, green beans, cheddar cheese, social media ready, editorial food styling, soft natural light, shallow depth of field, crisp focus, clean background, vibrant but realistic colors, plated beautifully, minimal props, subtle garnish, hero shot, 45 degree angle, composition centered, 4:5 portrait, appetizing, dinner, pescatarian, high-protein","blurry, lowres, text, watermark, logo, people, hands, deformed, extra fingers, bad anatomy, oversaturated, messy plating"
r254,"modern, tasty, attractive food photography of Loaded Tikka Prawns Build Bowl, prawns, brown rice, carrot, courgette, peanut butter, social media ready, editorial food styling, soft natural light, shallow depth of field, crisp focus, clean background, vibrant but realistic colors, plated beautifully, minimal props, subtle garnish, hero shot, 45 degree angle, composition centered, 4:5 portrait, appetizing, dinner, pescatarian, high-protein","blurry, lowres, text, watermark, logo, people, hands, deformed, extra fingers, bad anatomy, oversaturated, messy plating"
r255,"modern, tasty, attractive food photography of Sizzling Tempeh Protein Stack, tempeh, rice, carrot, broccoli, yogurt, social media ready, editorial food styling, soft natural light, shallow depth of field, crisp focus, clean background, vibrant but realistic colors, plated beautifully, minimal props, subtle garnish, hero shot, 45 degree angle, composition centered, 4:5 portrait, appetizing, lunch, air-fryer, vegan, high-protein","blurry, lowres, text, watermark, logo, people, hands, deformed, extra fingers, bad anatomy, oversaturated, messy plating"
r256,"modern, tasty, attractive food photography of Super Cajun Beef Pasta Pot, beef mince, noodles (rice), broccoli, onion, tahini, social media ready, editorial food styling, soft natural light, shallow depth of field, crisp focus, clean background, vibrant but realistic colors, plated beautifully, minimal props, subtle garnish, hero shot, 45 degree angle, composition centered, 4:5 portrait, appetizing, dinner, high-protein","blurry, lowres, text, watermark, logo, people, hands, deformed, extra fingers, bad anatomy, oversaturated, messy plating"
r257,"modern, tasty, attractive food photography of Power Harissa Tofu Pasta Pot, tofu, wholewheat pasta, courgette, onion, cheddar cheese, social media ready, editorial food styling, soft natural light, shallow depth of field, crisp focus, clean background, vibrant but realistic colors, plated beautifully, minimal props, subtle garnish, hero shot, 45 degree angle, composition centered, 4:5 portrait, appetizing, lunch, vegan, high-protein","blurry, lowres, text, watermark, logo, people, hands, deformed, extra fingers, bad anatomy, oversaturated, messy plating"
r258,"modern, tasty, attractive food photography of Creamy Honey Mustard Tuna (Canned) Lift Pot, tuna (canned), quinoa, carrot, mushroom, tahini, social media ready, editorial food styling, soft natural light, shallow depth of field, crisp focus, clean background, vibrant but realistic colors, plated beautifully, minimal props, subtle garnish, hero shot, 45 degree angle, composition centered, 4:5 portrait, appetizing, dinner, pescatarian, high-protein","blurry, lowres, text, watermark, logo, people, hands, deformed, extra fingers, bad anatomy, oversaturated, messy plating"
r259,"modern, tasty, attractive food photography of Fiery Honey Mustard Tofu Pasta Pot, tofu, noodles (rice), broccoli, carrot, cheddar cheese, social media ready, editorial food styling, soft natural light, shallow depth of field, crisp focus, clean background, vibrant but realistic colors, plated beautifully, minimal props, subtle garnish, hero shot, 45 degree angle, composition centered, 4:5 portrait, appetizing, dinner, vegan, high-protein","blurry, lowres, text, watermark, logo, people, hands, deformed, extra fingers, bad anatomy, oversaturated, messy plating"
r260,"modern, tasty, attractive food photography of Fiery Prawns Protein Stack, prawns, quinoa, courgette, bell pepper, yogurt, social media ready, editorial food styling, soft natural light, shallow depth of field, crisp focus, clean background, vibrant but realistic colors, plated beautifully, minimal props, subtle garnish, hero shot, 45 degree angle, composition centered, 4:5 portrait, appetizing, lunch, pescatarian, high-protein","blurry, lowres, text, watermark, logo, people, hands, deformed, extra fingers, bad anatomy, oversaturated, messy plating"
r261,"modern, tasty, attractive food photography of Supreme Sesame Ginger Turkey Power Bowl, turkey mince, rice, sweet potato, onion, yogurt, social media ready, editorial food styling, soft natural light, shallow depth of field, crisp focus, clean background, vibrant but realistic colors, plated beautifully, minimal props, subtle garnish, hero shot, 45 degree angle, composition centered, 4:5 portrait, appetizing, lunch, high-protein","blurry, lowres, text, watermark, logo, people, hands, deformed, extra fingers, bad anatomy, oversaturated, messy plating"
r262,"modern, tasty, attractive food photography of Tangy Harissa Tuna (Canned) Lift Pot, tuna (canned), brown rice, onion, bell pepper, butter, social media ready, editorial food styling, soft natural light, shallow depth of field, crisp focus, clean background, vibrant but realistic colors, plated beautifully, minimal props, subtle garnish, hero shot, 45 degree angle, composition centered, 4:5 portrait, appetizing, lunch, pescatarian, high-protein","blurry, lowres, text, watermark, logo, people, hands, deformed, extra fingers, bad anatomy, oversaturated, messy plating"
r263,"modern, tasty, attractive food photography of Supreme Tofu Protein Stack, tofu, rice, bell pepper, carrot, yogurt, social media ready, editorial food styling, soft natural light, shallow depth of field, crisp focus, clean background, vibrant but realistic colors, plated beautifully, minimal props, subtle garnish, hero shot, 45 degree angle, composition centered, 4:5 portrait, appetizing, lunch, air-fryer, vegan, high-protein","blurry, lowres, text, watermark, logo, people, hands, deformed, extra fingers, bad anatomy, oversaturated, messy plating"
r265,"modern, tasty, attractive food photography of Smoky Cajun Tuna (Canned) Lift Pot, tuna (canned), couscous, broccoli, broccoli, olive oil, social media ready, editorial food styling, soft natural light, shallow depth of field, crisp focus, clean background, vibrant but realistic colors, plated beautifully, minimal props, subtle garnish, hero shot, 45 degree angle, composition centered, 4:5 portrait, appetizing, lunch, pescatarian, high-protein","blurry, lowres, text, watermark, logo, people, hands, deformed, extra fingers, bad anatomy, oversaturated, messy plating"
r266,"modern, tasty, attractive food photography of Power Turkey Protein Stack, turkey mince, quinoa, tomato, sweet potato, butter, social media ready, editorial food styling, soft natural light, shallow depth of field, crisp focus, clean background, vibrant but realistic colors, plated beautifully, minimal props, subtle garnish, hero shot, 45 degree angle, composition centered, 4:5 portrait, appetizing, lunch, air-fryer, high-protein","blurry, lowres, text, watermark, logo, people, hands, deformed, extra fingers, bad anatomy, oversaturated, messy plating"
r267,"modern, tasty, attractive food photography of Creamy Indian Spiced Eggs Pasta Pot, eggs, wholewheat pasta, courgette, sweet potato, butter, social media ready, editorial food styling, soft natural light, shallow depth of field, crisp focus, clean background, vibrant but realistic colors, plated beautifully, minimal props, subtle garnish, hero shot, 45 degree angle, composition centered, 4:5 portrait, appetizing, dinner, air-fryer","blurry, lowres, text, watermark, logo, people, hands, deformed, extra fingers, bad anatomy, oversaturated, messy plating"
r268,"modern, tasty, attractive food photography of Creamy Beef Protein Stack, beef mince, brown rice, bell pepper, green beans, cheddar cheese, social media ready, editorial food styling, soft natural light, shallow depth of field, crisp focus, clean background, vibrant but realistic colors, plated beautifully, minimal props, subtle garnish, hero shot, 45 degree angle, composition centered, 4:5 portrait, appetizing, lunch, high-protein","blurry, lowres, text, watermark, logo, people, hands, deformed, extra fingers, bad anatomy, oversaturated, messy plating"
r269,"modern, tasty, attractive food photography of Sizzling Buffalo Tofu Build Bowl, tofu, brown rice, carrot, sweet potato, olive oil, social media ready, editorial food styling, soft natural light, shallow depth of field, crisp focus, clean background, vibrant but realistic colors, plated beautifully, minimal props, subtle garnish, hero shot, 45 degree angle, composition centered, 4:5 portrait, appetizing, dinner, vegan, high-protein","blurry, lowres, text, watermark, logo, people, hands, deformed, extra fingers, bad anatomy, oversaturated, messy plating"
r270,"modern, tasty, attractive food photography of Loaded Indian Spiced Eggs Power Bowl, eggs, brown rice, onion, sweet potato, sesame oil, social media ready, editorial food styling, soft natural light, shallow depth of field, crisp focus, clean background, vibrant but realistic colors, plated beautifully, minimal props, subtle garnish, hero shot, 45 degree angle, composition centered, 4:5 portrait, appetizing, dinner","blurry, lowres, text, watermark, logo, people, hands, deformed, extra fingers, bad anatomy, oversaturated, messy plating"
r271,"modern, tasty, attractive food photography of Super Teriyaki Turkey Protein Pot, turkey mince, couscous, onion, tomato, tahini, social media ready, editorial food styling, soft natural light, shallow depth of field, crisp focus, clean background, vibrant but realistic colors, plated beautifully, minimal props, subtle garnish, hero shot, 45 degree angle, composition centered, 4:5 portrait, appetizing, lunch, high-protein","blurry, lowres, text, watermark, logo, people, hands, deformed, extra fingers, bad anatomy, oversaturated, messy plating"
r272,"modern, tasty, attractive food photography of Power Sesame Ginger Cod Pasta Pot, cod fillet, noodles (rice), carrot, green beans, olive oil, social media ready, editorial food styling, soft natural light, shallow depth of field, crisp focus, clean background, vibrant but realistic colors, plated beautifully, minimal props, subtle garnish, hero shot, 45 degree angle, composition centered, 4:5 portrait, appetizing, lunch, pescatarian, high-protein","blurry, lowres, text, watermark, logo, people, hands, deformed, extra fingers, bad anatomy, oversaturated, messy plating"
r273,"modern, tasty, attractive food photography of Supreme Mexican Spiced Turkey Power Bowl, turkey mince, potatoes, tomato, courgette, butter, social media ready, editorial food styling, soft natural light, shallow depth of field, crisp focus, clean background, vibrant but realistic colors, plated beautifully, minimal props, subtle garnish, hero shot, 45 degree angle, composition centered, 4:5 portrait, appetizing, dinner, high-protein","blurry, lowres, text, watermark, logo, people, hands, deformed, extra fingers, bad anatomy, oversaturated, messy plating"
r274,"modern, tasty, attractive food photography of Loaded Cod Protein Stack, cod fillet, potatoes, mushroom, mushroom, tahini, social media ready, editorial food styling, soft natural light, shallow depth of field, crisp focus, clean background, vibrant but realistic colors, plated beautifully, minimal props, subtle garnish, hero shot, 45 degree angle, composition centered, 4:5 portrait, appetizing, lunch, air-fryer, pescatarian, high-protein","blurry, lowres, text, watermark, logo, people, hands, deformed, extra fingers, bad anatomy, oversaturated, messy plating"
r275,"modern, tasty, attractive food photography of Smoky Garlic Herb Prawns Pasta Pot, prawns, wholewheat pasta, tomato, bell pepper, sesame oil, social media ready, editorial food styling, soft natural light, shallow depth of field, crisp focus, clean background, vibrant but realistic colors, plated beautifully, minimal props, subtle garnish, hero shot, 45 degree angle, composition centered, 4:5 portrait, appetizing, lunch, pescatarian, high-protein","blurry, lowres, text, watermark, logo, people, hands, deformed, extra fingers, bad anatomy, oversaturated, messy plating"
r276,"modern, tasty, attractive food photography of Blazing Cajun Tofu Fuel Box, tofu, rice, sweet potato, mushroom, cheddar cheese, social media ready, editorial food styling, soft natural light, shallow depth of field, crisp focus, clean background, vibrant but realistic colors, plated beautifully, minimal props, subtle garnish, hero shot, 45 degree angle, composition centered, 4:5 portrait, appetizing, dinner, vegan, high-protein","blurry, lowres, text, watermark, logo, people, hands, deformed, extra fingers, bad anatomy, oversaturated, messy plating"
r277,"modern, tasty, attractive food photography of Epic Turkey Protein Stack, turkey mince, potatoes, onion, carrot, sesame oil, social media ready, editorial food styling, soft natural light, shallow depth of field, crisp focus, clean background, vibrant but realistic colors, plated beautifully, minimal props, subtle garnish, hero shot, 45 degree angle, composition centered, 4:5 portrait, appetizing, lunch, air-fryer, high-protein","blurry, lowres, text, watermark, logo, people, hands, deformed, extra fingers, bad anatomy, oversaturated, messy plating"
r278,"modern, tasty, attractive food photography of Blazing Tikka Tempeh Pasta Pot, tempeh, wholewheat pasta, spinach, courgette, peanut butter, social media ready, editorial food styling, soft natural light, shallow depth of field, crisp focus, clean background, vibrant but realistic colors, plated beautifully, minimal props, subtle garnish, hero shot, 45 degree angle, composition centered, 4:5 portrait, appetizing, lunch, air-fryer, vegan, high-protein","blurry, lowres, text, watermark, logo, people, hands, deformed, extra fingers, bad anatomy, oversaturated, messy plating"
r279,"modern, tasty, attractive food photography of Tangy Mexican Spiced Tuna (Canned) Pasta Pot, tuna (canned), noodles (rice), carrot, courgette, sesame oil, social media ready, editorial food styling, soft natural light, shallow depth of field, crisp focus, clean background, vibrant but realistic colors, plated beautifully, minimal props, subtle garnish, hero shot, 45 degree angle, composition centered, 4:5 portrait, appetizing, lunch, air-fryer, pescatarian, high-protein","blurry, lowres, text, watermark, logo, people, hands, deformed, extra fingers, bad anatomy, oversaturated, messy plating"
r280,"modern, tasty, attractive food photography of Sticky Chipotle Tofu Pasta Pot, tofu, noodles (rice), spinach, spinach, butter, social media ready, editorial food styling, soft natural light, shallow depth of field, crisp focus, clean background, vibrant but realistic colors, plated beautifully, minimal props, subtle garnish, hero shot, 45 degree angle, composition centered, 4:5 portrait, appetizing, lunch, air-fryer, vegan, high-protein","blurry, lowres, text, watermark, logo, people, hands, deformed, extra fingers, bad anatomy, oversaturated, messy plating"
r282,"modern, tasty, attractive food photography of Smoky Peri-Peri Eggs Protein Pot, eggs, couscous, bell pepper, green beans, peanut butter, social media ready, editorial food styling, soft natural light, shallow depth of field, crisp focus, clean background, vibrant but realistic colors, plated beautifully, minimal props, subtle garnish, hero shot, 45 degree angle, composition centered, 4:5 portrait, appetizing, lunch","blurry, lowres, text, watermark, logo, people, hands, deformed, extra fingers, bad anatomy, oversaturated, messy plating"
r283,"modern, tasty, attractive food photography of Power Prawns Protein Stack, prawns, brown rice, tomato, tomato, sesame oil, social media ready, editorial food styling, soft natural light, shallow depth of field, crisp focus, clean background, vibrant but realistic colors, plated beautifully, minimal props, subtle garnish, hero shot, 45 degree angle, composition centered, 4:5 portrait, appetizing, lunch, pescatarian, high-protein","blurry, lowres, text, watermark, logo, people, hands, deformed, extra fingers, bad anatomy, oversaturated, messy plating"
r284,"modern, tasty, attractive food photography of Golden Indian Spiced Beef Prep Box, beef mince, brown rice, tomato, mushroom, yogurt, social media ready, editorial food styling, soft natural light, shallow depth of field, crisp focus, clean background, vibrant but realistic colors, plated beautifully, minimal props, subtle garnish, hero shot, 45 degree angle, composition centered, 4:5 portrait, appetizing, lunch, high-protein","blurry, lowres, text, watermark, logo, people, hands, deformed, extra fingers, bad anatomy, oversaturated, messy plating"
r285,"modern, tasty, attractive food photography of Crispy Prawns Protein Stack, prawns, quinoa, green beans, courgette, butter, social media ready, editorial food styling, soft natural light, shallow depth of field, crisp focus, clean background, vibrant but realistic colors, plated beautifully, minimal props, subtle garnish, hero shot, 45 degree angle, composition centered, 4:5 portrait, appetizing, lunch, pescatarian, high-protein","blurry, lowres, text, watermark, logo, people, hands, deformed, extra fingers, bad anatomy, oversaturated, messy plating"
r286,"modern, tasty, attractive food photography of Mega Thai Coconut Cod Lift Pot, cod fillet, potatoes, courgette, spinach, sesame oil, social media ready, editorial food styling, soft natural light, shallow depth of field, crisp focus, clean background, vibrant but realistic colors, plated beautifully, minimal props, subtle garnish, hero shot, 45 degree angle, composition centered, 4:5 portrait, appetizing, dinner, pescatarian, high-protein","blurry, lowres, text, watermark, logo, people, hands, deformed, extra fingers, bad anatomy, oversaturated, messy plating"
r287,"modern, tasty, attractive food photography of Golden Garlic Herb Cod Energy Bowl, cod fillet, rice, broccoli, carrot, olive oil, social media ready, editorial food styling, soft natural light, shallow depth of field, crisp focus, clean background, vibrant but realistic colors, plated beautifully, minimal props, subtle garnish, hero shot, 45 degree angle, composition centered, 4:5 portrait, appetizing, dinner, pescatarian, high-protein","blurry, lowres, text, watermark, logo, people, hands, deformed, extra fingers, bad anatomy, oversaturated, messy plating"
r288,"modern, tasty, attractive food photography of Super Chipotle Tofu Macro Bowl, tofu, couscous, onion, spinach, yogurt, social media ready, editorial food styling, soft natural light, shallow depth of field, crisp focus, clean background, vibrant but realistic colors, plated beautifully, minimal props, subtle garnish, hero shot, 45 degree angle, composition centered, 4:5 portrait, appetizing, dinner, vegan, high-protein","blurry, lowres, text, watermark, logo, people, hands, deformed, extra fingers, bad anatomy, oversaturated, messy plating"
r289,"modern, tasty, attractive food photography of Epic Tempeh Protein Stack, tempeh, quinoa, broccoli, sweet potato, sesame oil, social media ready, editorial food styling, soft natural light, shallow depth of field, crisp focus, clean background, vibrant but realistic colors, plated beautifully, minimal props, subtle garnish, hero shot, 45 degree angle, composition centered, 4:5 portrait, appetizing, lunch, air-fryer, vegan, high-protein","blurry, lowres, text, watermark, logo, people, hands, deformed, extra fingers, bad anatomy, oversaturated, messy plating"
r290,"modern, tasty, attractive food photography of Fiery Beef Protein Stack, beef mince, brown rice, mushroom, sweet potato, olive oil, social media ready, editorial food styling, soft natural light, shallow depth of field, crisp focus, clean background, vibrant but realistic colors, plated beautifully, minimal props, subtle garnish, hero shot, 45 degree angle, composition centered, 4:5 portrait, appetizing, lunch, high-protein","blurry, lowres, text, watermark, logo, people, hands, deformed, extra fingers, bad anatomy, oversaturated, messy plating"
r291,"modern, tasty, attractive food photography of Mega Sesame Ginger Eggs Fuel Box, eggs, brown rice, spinach, courgette, sesame oil, social media ready, editorial food styling, soft natural light, shallow depth of field, crisp focus, clean background, vibrant but realistic colors, plated beautifully, minimal props, subtle garnish, hero shot, 45 degree angle, composition centered, 4:5 portrait, appetizing, lunch, air-fryer","blurry, lowres, text, watermark, logo, people, hands, deformed, extra fingers, bad anatomy, oversaturated, messy plating"
r292,"modern, tasty, attractive food photography of Tangy Mexican Spiced Turkey Pasta Pot, turkey mince, wholewheat pasta, sweet potato, carrot, butter, social media ready, editorial food styling, soft natural light, shallow depth of field, crisp focus, clean background, vibrant but realistic colors, plated beautifully, minimal props, subtle garnish, hero shot, 45 degree angle, composition centered, 4:5 portrait, appetizing, lunch, high-protein","blurry, lowres, text, watermark, logo, people, hands, deformed, extra fingers, bad anatomy, oversaturated, messy plating"
r293,"modern, tasty, attractive food photography of Smoky Indian Spiced Beef Pasta Pot, beef mince, noodles (rice), broccoli, spinach, sesame oil, social media ready, editorial food styling, soft natural light, shallow depth of field, crisp focus, clean background, vibrant but realistic colors, plated beautifully, minimal props, subtle garnish, hero shot, 45 degree angle, composition centered, 4:5 portrait, appetizing, lunch, high-protein","blurry, lowres, text, watermark, logo, people, hands, deformed, extra fingers, bad anatomy, oversaturated, messy plating"
r294,"modern, tasty, attractive food photography of Sizzling BBQ Chicken Prep Box, chicken breast, brown rice, green beans, broccoli, olive oil, social media ready, editorial food styling, soft natural light, shallow depth of field, crisp focus, clean background, vibrant but realistic colors, plated beautifully, minimal props, subtle garnish, hero shot, 45 degree angle, composition centered, 4:5 portrait, appetizing, lunch, air-fryer, high-protein","blurry, lowres, text, watermark, logo, people, hands, deformed, extra fingers, bad anatomy, oversaturated, messy plating"
r295,"modern, tasty, attractive food photography of Loaded Tofu Protein Stack, tofu, rice, tomato, onion, tahini, social media ready, editorial food styling, soft natural light, shallow depth of field, crisp focus, clean background, vibrant but realistic colors, plated beautifully, minimal props, subtle garnish, hero shot, 45 degree angle, composition centered, 4:5 portrait, appetizing, lunch, air-fryer, vegan, high-protein","blurry, lowres, text, watermark, logo, people, hands, deformed, extra fingers, bad anatomy, oversaturated, messy plating"
r296,"modern, tasty, attractive food photography of Crispy Sesame Ginger Cod Macro Bowl, cod fillet, brown rice, mushroom, green beans, olive oil, social media ready, editorial food styling, soft natural light, shallow depth of field, crisp focus, clean background, vibrant but realistic colors, plated beautifully, minimal props, subtle garnish, hero shot, 45 degree angle, composition centered, 4:5 portrait, appetizing, dinner, pescatarian, high-protein","blurry, lowres, text, watermark, logo, people, hands, deformed, extra fingers, bad anatomy, oversaturated, messy plating"
r297,"modern, tasty, attractive food photography of Fiery Korean BBQ Salmon Pasta Pot, salmon fillet, noodles (rice), spinach, mushroom, sesame oil, social media ready, editorial food styling, soft natural light, shallow depth of field, crisp focus, clean background, vibrant but realistic colors, plated beautifully, minimal props, subtle garnish, hero shot, 45 degree angle, composition centered, 4:5 portrait, appetizing, dinner, pescatarian, high-protein","blurry, lowres, text, watermark, logo, people, hands, deformed, extra fingers, bad anatomy, oversaturated, messy plating"
r298,"modern, tasty, attractive food photography of Power Satay Prawns Build Bowl, prawns, rice, bell pepper, carrot, sesame oil, social media ready, editorial food styling, soft natural light, shallow depth of field, crisp focus, clean background, vibrant but realistic colors, plated beautifully, minimal props, subtle garnish, hero shot, 45 degree angle, composition centered, 4:5 portrait, appetizing, lunch, air-fryer, pescatarian, high-protein","blurry, lowres, text, watermark, logo, people, hands, deformed, extra fingers, bad anatomy, oversaturated, messy plating"
r299,"modern, tasty, attractive food photography of Zesty Cajun Turkey Fuel Box, turkey mince, brown rice, sweet potato, tomato, olive oil, social media ready, editorial food styling, soft natural light, shallow depth of field, crisp focus, clean background, vibrant but realistic colors, plated beautifully, minimal props, subtle garnish, hero shot, 45 degree angle, composition centered, 4:5 portrait, appetizing, dinner, high-protein","blurry, lowres, text, watermark, logo, people, hands, deformed, extra fingers, bad anatomy, oversaturated, messy plating"
r300,"modern, tasty, attractive food photography of Loaded Sesame Ginger Prawns Pasta Pot, prawns, wholewheat pasta, bell pepper, broccoli, cheddar cheese, social media ready, editorial food styling, soft natural light, shallow depth of field, crisp focus, clean background, vibrant but realistic colors, plated beautifully, minimal props, subtle garnish, hero shot, 45 degree angle, composition centered, 4:5 portrait, appetizing, lunch, pescatarian, high-protein","blurry, lowres, text, watermark, logo, people, hands, deformed, extra fingers, bad anatomy, oversaturated, messy plating"
r301,"modern, tasty, attractive food photography of Sizzling Teriyaki Turkey Pasta Pot, turkey mince, wholewheat pasta, bell pepper, mushroom, butter, social media ready, editorial food styling, soft natural light, shallow depth of field, crisp focus, clean background, vibrant but realistic colors, plated beautifully, minimal props, subtle garnish, hero shot, 45 degree angle, composition centered, 4:5 portrait, appetizing, lunch, air-fryer, high-protein","blurry, lowres, text, watermark, logo, people, hands, deformed, extra fingers, bad anatomy, oversaturated, messy plating"
r302,"modern, tasty, attractive food photography of Epic Teriyaki Chicken Pasta Pot, chicken breast, noodles (rice), bell pepper, carrot, cheddar cheese, social media ready, editorial food styling, soft natural light, shallow depth of field, crisp focus, clean background, vibrant but realistic colors, plated beautifully, minimal props, subtle garnish, hero shot, 45 degree angle, composition centered, 4:5 portrait, appetizing, lunch, high-protein","blurry, lowres, text, watermark, logo, people, hands, deformed, extra fingers, bad anatomy, oversaturated, messy plating"
r303,"modern, tasty, attractive food photography of Power Lemon Pepper Tuna (Canned) Prep Box, tuna (canned), brown rice, onion, sweet potato, yogurt, social media ready, editorial food styling, soft natural light, shallow depth of field, crisp focus, clean background, vibrant but realistic colors, plated beautifully, minimal props, subtle garnish, hero shot, 45 degree angle, composition centered, 4:5 portrait, appetizing, lunch, air-fryer, pescatarian, high-protein","blurry, lowres, text, watermark, logo, people, hands, deformed, extra fingers, bad anatomy, oversaturated, messy plating"
r304,"modern, tasty, attractive food photography of Ultimate Peri-Peri Eggs Power Bowl, eggs, potatoes, carrot, courgette, peanut butter, social media ready, editorial food styling, soft natural light, shallow depth of field, crisp focus, clean background, vibrant but realistic colors, plated beautifully, minimal props, subtle garnish, hero shot, 45 degree angle, composition centered, 4:5 portrait, appetizing, dinner","blurry, lowres, text, watermark, logo, people, hands, deformed, extra fingers, bad anatomy, oversaturated, messy plating"
r305,"modern, tasty, attractive food photography of Supreme Chipotle Tofu Pasta Pot, tofu, noodles (rice), carrot, broccoli, peanut butter, social media ready, editorial food styling, soft natural light, shallow depth of field, crisp focus, clean background, vibrant but realistic colors, plated beautifully, minimal props, subtle garnish, hero shot, 45 degree angle, composition centered, 4:5 portrait, appetizing, lunch, air-fryer, vegan, high-protein","blurry, lowres, text, watermark, logo, people, hands, deformed, extra fingers, bad anatomy, oversaturated, messy plating"
r306,"modern, tasty, attractive food photography of Ultimate Indian Spiced Prawns Pasta Pot, prawns, wholewheat pasta, green beans, green beans, yogurt, social media ready, editorial food styling, soft natural light, shallow depth of field, crisp focus, clean background, vibrant but realistic colors, plated beautifully, minimal props, subtle garnish, hero shot, 45 degree angle, composition centered, 4:5 portrait, appetizing, lunch, air-fryer, pescatarian, high-protein","blurry, lowres, text, watermark, logo, people, hands, deformed, extra fingers, bad anatomy, oversaturated, messy plating"
r307,"modern, tasty, attractive food photography of Creamy Tempeh Protein Stack, tempeh, rice, broccoli, mushroom, olive oil, social media ready, editorial food styling, soft natural light, shallow depth of field, crisp focus, clean background, vibrant but realistic colors, plated beautifully, minimal props, subtle garnish, hero shot, 45 degree angle, composition centered, 4:5 portrait, appetizing, lunch, air-fryer, vegan, high-protein","blurry, lowres, text, watermark, logo, people, hands, deformed, extra fingers, bad anatomy, oversaturated, messy plating"
r308,"modern, tasty, attractive food photography of Supreme BBQ Cod Build Bowl, cod fillet, potatoes, sweet potato, courgette, cheddar cheese, social media ready, editorial food styling, soft natural light, shallow depth of field, crisp focus, clean background, vibrant but realistic colors, plated beautifully, minimal props, subtle garnish, hero shot, 45 degree angle, composition centered, 4:5 portrait, appetizing, dinner, pescatarian, high-protein","blurry, lowres, text, watermark, logo, people, hands, deformed, extra fingers, bad anatomy, oversaturated, messy plating"
r309,"modern, tasty, attractive food photography of Golden Peri-Peri Prawns Build Bowl, prawns, rice, spinach, courgette, cheddar cheese, social media ready, editorial food styling, soft natural light, shallow depth of field, crisp focus, clean background, vibrant but realistic colors, plated beautifully, minimal props, subtle garnish, hero shot, 45 degree angle, composition centered, 4:5 portrait, appetizing, lunch, pescatarian, high-protein","blurry, lowres, text, watermark, logo, people, hands, deformed, extra fingers, bad anatomy, oversaturated, messy plating"
r310,"modern, tasty, attractive food photography of Blazing Chicken Protein Stack, chicken breast, couscous, mushroom, tomato, sesame oil, social media ready, editorial food styling, soft natural light, shallow depth of field, crisp focus, clean background, vibrant but realistic colors, plated beautifully, minimal props, subtle garnish, hero shot, 45 degree angle, composition centered, 4:5 portrait, appetizing, lunch, high-protein","blurry, lowres, text, watermark, logo, people, hands, deformed, extra fingers, bad anatomy, oversaturated, messy plating"
r311,"modern, tasty, attractive food photography of Creamy Prawns Protein Stack, prawns, couscous, carrot, sweet potato, tahini, social media ready, editorial food styling, soft natural light, shallow depth of field, crisp focus, clean background, vibrant but realistic colors, plated beautifully, minimal props, subtle garnish, hero shot, 45 degree angle, composition centered, 4:5 portrait, appetizing, lunch, air-fryer, pescatarian, high-protein","blurry, lowres, text, watermark, logo, people, hands, deformed, extra fingers, bad anatomy, oversaturated, messy plating"
r312,"modern, tasty, attractive food photography of Sticky Chipotle Eggs Pasta Pot, eggs, noodles (rice), sweet potato, onion, sesame oil, social media ready, editorial food styling, soft natural light, shallow depth of field, crisp focus, clean background, vibrant but realistic colors, plated beautifully, minimal props, subtle garnish, hero shot, 45 degree angle, composition centered, 4:5 portrait, appetizing, lunch","blurry, lowres, text, watermark, logo, people, hands, deformed, extra fingers, bad anatomy, oversaturated, messy plating"
r313,"modern, tasty, attractive food photography of Smoky Teriyaki Eggs Protein Pot, eggs, couscous, spinach, mushroom, butter, social media ready, editorial food styling, soft natural light, shallow depth of field, crisp focus, clean background, vibrant but realistic colors, plated beautifully, minimal props, subtle garnish, hero shot, 45 degree angle, composition centered, 4:5 portrait, appetizing, lunch","blurry, lowres, text, watermark, logo, people, hands, deformed, extra fingers, bad anatomy, oversaturated, messy plating"
r314,"modern, tasty, attractive food photography of Power BBQ Eggs Protein Pot, eggs, brown rice, courgette, spinach, sesame oil, social media ready, editorial food styling, soft natural light, shallow depth of field, crisp focus, clean background, vibrant but realistic colors, plated beautifully, minimal props, subtle garnish, hero shot, 45 degree angle, composition centered, 4:5 portrait, appetizing, dinner, air-fryer","blurry, lowres, text, watermark, logo, people, hands, deformed, extra fingers, bad anatomy, oversaturated, messy plating"
r315,"modern, tasty, attractive food photography of Creamy Cajun Beef Build Bowl, beef mince, brown rice, courgette, courgette, yogurt, social media ready, editorial food styling, soft natural light, shallow depth of field, crisp focus, clean background, vibrant but realistic colors, plated beautifully, minimal props, subtle garnish, hero shot, 45 degree angle, composition centered, 4:5 portrait, appetizing, dinner, high-protein","blurry, lowres, text, watermark, logo, people, hands, deformed, extra fingers, bad anatomy, oversaturated, messy plating"
r316,"modern, tasty, attractive food photography of Smoky Honey Mustard Chicken Build Bowl, chicken breast, rice, onion, broccoli, butter, social media ready, editorial food styling, soft natural light, shallow depth of field, crisp focus, clean background, vibrant but realistic colors, plated beautifully, minimal props, subtle garnish, hero shot, 45 degree angle, composition centered, 4:5 portrait, appetizing, lunch, high-protein","blurry, lowres, text, watermark, logo, people, hands, deformed, extra fingers, bad anatomy, oversaturated, messy plating"
r317,"modern, tasty, attractive food photography of Creamy Cod Protein Stack, cod fillet, potatoes, courgette, bell pepper, cheddar cheese, social media ready, editorial food styling, soft natural light, shallow depth of field, crisp focus, clean background, vibrant but realistic colors, plated beautifully, minimal props, subtle garnish, hero shot, 45 degree angle, composition centered, 4:5 portrait, appetizing, lunch, air-fryer, pescatarian, high-protein","blurry, lowres, text, watermark, logo, people, hands, deformed, extra fingers, bad anatomy, oversaturated, messy plating"
r318,"modern, tasty, attractive food photography of Creamy Harissa Eggs Pasta Pot, eggs, noodles (rice), tomato, mushroom, yogurt, social media ready, editorial food styling, soft natural light, shallow depth of field, crisp focus, clean background, vibrant but realistic colors, plated beautifully, minimal props, subtle garnish, hero shot, 45 degree angle, composition centered, 4:5 portrait, appetizing, lunch","blurry, lowres, text, watermark, logo, people, hands, deformed, extra fingers, bad anatomy, oversaturated, messy plating"
r319,"modern, tasty, attractive food photography of Mega Mexican Spiced Salmon Pasta Pot, salmon fillet, noodles (rice), spinach, carrot, tahini, social media ready, editorial food styling, soft natural light, shallow depth of field, crisp focus, clean background, vibrant but realistic colors, plated beautifully, minimal props, subtle garnish, hero shot, 45 degree angle, composition centered, 4:5 portrait, appetizing, lunch, pescatarian, high-protein","blurry, lowres, text, watermark, logo, people, hands, deformed, extra fingers, bad anatomy, oversaturated, messy plating"
r320,"modern, tasty, attractive food photography of Smoky Mexican Spiced Beef Build Bowl, beef mince, rice, onion, bell pepper, olive oil, social media ready, editorial food styling, soft natural light, shallow depth of field, crisp focus, clean background, vibrant but realistic colors, plated beautifully, minimal props, subtle garnish, hero shot, 45 degree angle, composition centered, 4:5 portrait, appetizing, lunch, high-protein","blurry, lowres, text, watermark, logo, people, hands, deformed, extra fingers, bad anatomy, oversaturated, messy plating"
r321,"modern, tasty, attractive food photography of Supreme Tuna (Canned) Protein Stack, tuna (canned), rice, sweet potato, broccoli, butter, social media ready, editorial food styling, soft natural light, shallow depth of field, crisp focus, clean background, vibrant but realistic colors, plated beautifully, minimal props, subtle garnish, hero shot, 45 degree angle, composition centered, 4:5 portrait, appetizing, lunch, pescatarian, high-protein","blurry, lowres, text, watermark, logo, people, hands, deformed, extra fingers, bad anatomy, oversaturated, messy plating"
r322,"modern, tasty, attractive food photography of Sizzling Buffalo Cod Power Bowl, cod fillet, potatoes, courgette, courgette, sesame oil, social media ready, editorial food styling, soft natural light, shallow depth of field, crisp focus, clean background, vibrant but realistic colors, plated beautifully, minimal props, subtle garnish, hero shot, 45 degree angle, composition centered, 4:5 portrait, appetizing, dinner, pescatarian, high-protein","blurry, lowres, text, watermark, logo, people, hands, deformed, extra fingers, bad anatomy, oversaturated, messy plating"
r323,"modern, tasty, attractive food photography of Blazing Honey Mustard Eggs Energy Bowl, eggs, rice, spinach, courgette, butter, social media ready, editorial food styling, soft natural light, shallow depth of field, crisp focus, clean background, vibrant but realistic colors, plated beautifully, minimal props, subtle garnish, hero shot, 45 degree angle, composition centered, 4:5 portrait, appetizing, lunch","blurry, lowres, text, watermark, logo, people, hands, deformed, extra fingers, bad anatomy, oversaturated, messy plating"
r324,"modern, tasty, attractive food photography of Crispy Korean BBQ Chicken Pasta Pot, chicken breast, wholewheat pasta, spinach, carrot, olive oil, social media ready, editorial food styling, soft natural light, shallow depth of field, crisp focus, clean background, vibrant but realistic colors, plated beautifully, minimal props, subtle garnish, hero shot, 45 degree angle, composition centered, 4:5 portrait, appetizing, lunch, air-fryer, high-protein","blurry, lowres, text, watermark, logo, people, hands, deformed, extra fingers, bad anatomy, oversaturated, messy plating"
r325,"modern, tasty, attractive food photography of Sizzling Thai Coconut Cod Power Bowl, cod fillet, potatoes, green beans, sweet potato, olive oil, social media ready, editorial food styling, soft natural light, shallow depth of field, crisp focus, clean background, vibrant but realistic colors, plated beautifully, minimal props, subtle garnish, hero shot, 45 degree angle, composition centered, 4:5 portrait, appetizing, dinner, air-fryer, pescatarian, high-protein","blurry, lowres, text, watermark, logo, people, hands, deformed, extra fingers, bad anatomy, oversaturated, messy plating"
r326,"modern, tasty, attractive food photography of Crispy Peri-Peri Turkey Pasta Pot, turkey mince, noodles (rice), green beans, bell pepper, tahini, social media ready, editorial food styling, soft natural light, shallow depth of field, crisp focus, clean background, vibrant but realistic colors, plated beautifully, minimal props, subtle garnish, hero shot, 45 degree angle, composition centered, 4:5 portrait, appetizing, lunch, air-fryer, high-protein","blurry, lowres, text, watermark, logo, people, hands, deformed, extra fingers, bad anatomy, oversaturated, messy plating"
r327,"modern, tasty, attractive food photography of Spicy Salmon Protein Stack, salmon fillet, brown rice, mushroom, onion, yogurt, social media ready, editorial food styling, soft natural light, shallow depth of field, crisp focus, clean background, vibrant but realistic colors, plated beautifully, minimal props, subtle garnish, hero shot, 45 degree angle, composition centered, 4:5 portrait, appetizing, lunch, pescatarian, high-protein","blurry, lowres, text, watermark, logo, people, hands, deformed, extra fingers, bad anatomy, oversaturated, messy plating"
r328,"modern, tasty, attractive food photography of Sticky Cod Protein Stack, cod fillet, potatoes, tomato, mushroom, tahini, social media ready, editorial food styling, soft natural light, shallow depth of field, crisp focus, clean background, vibrant but realistic colors, plated beautifully, minimal props, subtle garnish, hero shot, 45 degree angle, composition centered, 4:5 portrait, appetizing, lunch, pescatarian, high-protein","blurry, lowres, text, watermark, logo, people, hands, deformed, extra fingers, bad anatomy, oversaturated, messy plating"
r329,"modern, tasty, attractive food photography of Ultimate Eggs Protein Stack, eggs, brown rice, bell pepper, broccoli, butter, social media ready, editorial food styling, soft natural light, shallow depth of field, crisp focus, clean background, vibrant but realistic colors, plated beautifully, minimal props, subtle garnish, hero shot, 45 degree angle, composition centered, 4:5 portrait, appetizing, lunch, air-fryer","blurry, lowres, text, watermark, logo, people, hands, deformed, extra fingers, bad anatomy, oversaturated, messy plating"
r331,"modern, tasty, attractive food photography of Crispy Buffalo Beef Pasta Pot, beef mince, noodles (rice), courgette, green beans, sesame oil, social media ready, editorial food styling, soft natural light, shallow depth of field, crisp focus, clean background, vibrant but realistic colors, plated beautifully, minimal props, subtle garnish, hero shot, 45 degree angle, composition centered, 4:5 portrait, appetizing, dinner, air-fryer, high-protein","blurry, lowres, text, watermark, logo, people, hands, deformed, extra fingers, bad anatomy, oversaturated, messy plating"
r332,"modern, tasty, attractive food photography of Creamy Tikka Eggs Fuel Box, eggs, rice, spinach, spinach, tahini, social media ready, editorial food styling, soft natural light, shallow depth of field, crisp focus, clean background, vibrant but realistic colors, plated beautifully, minimal props, subtle garnish, hero shot, 45 degree angle, composition centered, 4:5 portrait, appetizing, lunch","blurry, lowres, text, watermark, logo, people, hands, deformed, extra fingers, bad anatomy, oversaturated, messy plating"
r333,"modern, tasty, attractive food photography of Golden Buffalo Salmon Protein Pot, salmon fillet, brown rice, broccoli, sweet potato, olive oil, social media ready, editorial food styling, soft natural light, shallow depth of field, crisp focus, clean background, vibrant but realistic colors, plated beautifully, minimal props, subtle garnish, hero shot, 45 degree angle, composition centered, 4:5 portrait, appetizing, lunch, air-fryer, pescatarian, high-protein","blurry, lowres, text, watermark, logo, people, hands, deformed, extra fingers, bad anatomy, oversaturated, messy plating"
r334,"modern, tasty, attractive food photography of Fiery Mediterranean Tuna (Canned) Pasta Pot, tuna (canned), wholewheat pasta, onion, bell pepper, peanut butter, social media ready, editorial food styling, soft natural light, shallow depth of field, crisp focus, clean background, vibrant but realistic colors, plated beautifully, minimal props, subtle garnish, hero shot, 45 degree angle, composition centered, 4:5 portrait, appetizing, lunch, pescatarian, high-protein","blurry, lowres, text, watermark, logo, people, hands, deformed, extra fingers, bad anatomy, oversaturated, messy plating"
r335,"modern, tasty, attractive food photography of Golden Thai Coconut Cod Fuel Box, cod fillet, quinoa, carrot, courgette, sesame oil, social media ready, editorial food styling, soft natural light, shallow depth of field, crisp focus, clean background, vibrant but realistic colors, plated beautifully, minimal props, subtle garnish, hero shot, 45 degree angle, composition centered, 4:5 portrait, appetizing, dinner, pescatarian, high-protein","blurry, lowres, text, watermark, logo, people, hands, deformed, extra fingers, bad anatomy, oversaturated, messy plating"
r336,"modern, tasty, attractive food photography of Supreme Honey Mustard Tofu Pasta Pot, tofu, wholewheat pasta, courgette, sweet potato, butter, social media ready, editorial food styling, soft natural light, shallow depth of field, crisp focus, clean background, vibrant but realistic colors, plated beautifully, minimal props, subtle garnish, hero shot, 45 degree angle, composition centered, 4:5 portrait, appetizing, dinner, air-fryer, vegan, high-protein","blurry, lowres, text, watermark, logo, people, hands, deformed, extra fingers, bad anatomy, oversaturated, messy plating"
r337,"modern, tasty, attractive food photography of Supreme Buffalo Turkey Pasta Pot, turkey mince, noodles (rice), green beans, tomato, tahini, social media ready, editorial food styling, soft natural light, shallow depth of field, crisp focus, clean background, vibrant but realistic colors, plated beautifully, minimal props, subtle garnish, hero shot, 45 degree angle, composition centered, 4:5 portrait, appetizing, dinner, high-protein","blurry, lowres, text, watermark, logo, people, hands, deformed, extra fingers, bad anatomy, oversaturated, messy plating"
r338,"modern, tasty, attractive food photography of Creamy Honey Mustard Tuna (Canned) Energy Bowl, tuna (canned), potatoes, broccoli, tomato, peanut butter, social media ready, editorial food styling, soft natural light, shallow depth of field, crisp focus, clean background, vibrant but realistic colors, plated beautifully, minimal props, subtle garnish, hero shot, 45 degree angle, composition centered, 4:5 portrait, appetizing, dinner, air-fryer, pescatarian, high-protein","blurry, lowres, text, watermark, logo, people, hands, deformed, extra fingers, bad anatomy, oversaturated, messy plating"
r339,"modern, tasty, attractive food photography of Fiery Peri-Peri Cod Power Bowl, cod fillet, potatoes, bell pepper, courgette, olive oil, social media ready, editorial food styling, soft natural light, shallow depth of field, crisp focus, clean background, vibrant but realistic colors, plated beautifully, minimal props, subtle garnish, hero shot, 45 degree angle, composition centered, 4:5 portrait, appetizing, dinner, air-fryer, pescatarian, high-protein","blurry, lowres, text, watermark, logo, people, hands, deformed, extra fingers, bad anatomy, oversaturated, messy plating"
r340,"modern, tasty, attractive food photography of Golden Buffalo Beef Macro Bowl, beef mince, quinoa, carrot, sweet potato, olive oil, social media ready, editorial food styling, soft natural light, shallow depth of field, crisp focus, clean background, vibrant but realistic colors, plated beautifully, minimal props, subtle garnish, hero shot, 45 degree angle, composition centered, 4:5 portrait, appetizing, dinner, air-fryer, high-protein","blurry, lowres, text, watermark, logo, people, hands, deformed, extra fingers, bad anatomy, oversaturated, messy plating"
r341,"modern, tasty, attractive food photography of Crispy Garlic Herb Prawns Fuel Box, prawns, brown rice, green beans, mushroom, yogurt, social media ready, editorial food styling, soft natural light, shallow depth of field, crisp focus, clean background, vibrant but realistic colors, plated beautifully, minimal props, subtle garnish, hero shot, 45 degree angle, composition centered, 4:5 portrait, appetizing, lunch, air-fryer, pescatarian, high-protein","blurry, lowres, text, watermark, logo, people, hands, deformed, extra fingers, bad anatomy, oversaturated, messy plating"
r342,"modern, tasty, attractive food photography of Zesty Buffalo Cod Pasta Pot, cod fillet, wholewheat pasta, green beans, onion, tahini, social media ready, editorial food styling, soft natural light, shallow depth of field, crisp focus, clean background, vibrant but realistic colors, plated beautifully, minimal props, subtle garnish, hero shot, 45 degree angle, composition centered, 4:5 portrait, appetizing, dinner, pescatarian, high-protein","blurry, lowres, text, watermark, logo, people, hands, deformed, extra fingers, bad anatomy, oversaturated, messy plating"
r343,"modern, tasty, attractive food photography of Mega Buffalo Tofu Protein Pot, tofu, quinoa, mushroom, courgette, cheddar cheese, social media ready, editorial food styling, soft natural light, shallow depth of field, crisp focus, clean background, vibrant but realistic colors, plated beautifully, minimal props, subtle garnish, hero shot, 45 degree angle, composition centered, 4:5 portrait, appetizing, lunch, vegan, high-protein","blurry, lowres, text, watermark, logo, people, hands, deformed, extra fingers, bad anatomy, oversaturated, messy plating"
r344,"modern, tasty, attractive food photography of Crispy Cajun Turkey Pasta Pot, turkey mince, wholewheat pasta, onion, onion, peanut butter, social media ready, editorial food styling, soft natural light, shallow depth of field, crisp focus, clean background, vibrant but realistic colors, plated beautifully, minimal props, subtle garnish, hero shot, 45 degree angle, composition centered, 4:5 portrait, appetizing, lunch, high-protein","blurry, lowres, text, watermark, logo, people, hands, deformed, extra fingers, bad anatomy, oversaturated, messy plating"
r345,"modern, tasty, attractive food photography of Crispy Honey Mustard Turkey Build Bowl, turkey mince, couscous, spinach, onion, olive oil, social media ready, editorial food styling, soft natural light, shallow depth of field, crisp focus, clean background, vibrant but realistic colors, plated beautifully, minimal props, subtle garnish, hero shot, 45 degree angle, composition centered, 4:5 portrait, appetizing, lunch, high-protein","blurry, lowres, text, watermark, logo, people, hands, deformed, extra fingers, bad anatomy, oversaturated, messy plating"
r346,"modern, tasty, attractive food photography of Golden Beef Protein Stack, beef mince, rice, onion, onion, sesame oil, social media ready, editorial food styling, soft natural light, shallow depth of field, crisp focus, clean background, vibrant but realistic colors, plated beautifully, minimal props, subtle garnish, hero shot, 45 degree angle, composition centered, 4:5 portrait, appetizing, lunch, high-protein","blurry, lowres, text, watermark, logo, people, hands, deformed, extra fingers, bad anatomy, oversaturated, messy plating"
r347,"modern, tasty, attractive food photography of Sizzling Korean BBQ Cod Build Bowl, cod fillet, quinoa, carrot, sweet potato, sesame oil, social media ready, editorial food styling, soft natural light, shallow depth of field, crisp focus, clean background, vibrant but realistic colors, plated beautifully, minimal props, subtle garnish, hero shot, 45 degree angle, composition centered, 4:5 portrait, appetizing, dinner, pescatarian, high-protein","blurry, lowres, text, watermark, logo, people, hands, deformed, extra fingers, bad anatomy, oversaturated, messy plating"
r348,"modern, tasty, attractive food photography of Mega Thai Coconut Tuna (Canned) Pasta Pot, tuna (canned), wholewheat pasta, courgette, carrot, olive oil, social media ready, editorial food styling, soft natural light, shallow depth of field, crisp focus, clean background, vibrant but realistic colors, plated beautifully, minimal props, subtle garnish, hero shot, 45 degree angle, composition centered, 4:5 portrait, appetizing, lunch, pescatarian, high-protein","blurry, lowres, text, watermark, logo, people, hands, deformed, extra fingers, bad anatomy, oversaturated, messy plating"
r349,"modern, tasty, attractive food photography of Super Salmon Protein Stack, salmon fillet, potatoes, mushroom, carrot, sesame oil, social media ready, editorial food styling, soft natural light, shallow depth of field, crisp focus, clean background, vibrant but realistic colors, plated beautifully, minimal props, subtle garnish, hero shot, 45 degree angle, composition centered, 4:5 portrait, appetizing, lunch, pescatarian, high-protein","blurry, lowres, text, watermark, logo, people, hands, deformed, extra fingers, bad anatomy, oversaturated, messy plating"
r350,"modern, tasty, attractive food photography of Crispy Sesame Ginger Eggs Prep Box, eggs, rice, onion, green beans, cheddar cheese, social media ready, editorial food styling, soft natural light, shallow depth of field, crisp focus, clean background, vibrant but realistic colors, plated beautifully, minimal props, subtle garnish, hero shot, 45 degree angle, composition centered, 4:5 portrait, appetizing, dinner","blurry, lowres, text, watermark, logo, people, hands, deformed, extra fingers, bad anatomy, oversaturated, messy plating"
r351,"modern, tasty, attractive food photography of Creamy Peri-Peri Eggs Pasta Pot, eggs, noodles (rice), mushroom, carrot, olive oil, social media ready, editorial food styling, soft natural light, shallow depth of field, crisp focus, clean background, vibrant but realistic colors, plated beautifully, minimal props, subtle garnish, hero shot, 45 degree angle, composition centered, 4:5 portrait, appetizing, lunch, air-fryer","blurry, lowres, text, watermark, logo, people, hands, deformed, extra fingers, bad anatomy, oversaturated, messy plating"
r352,"modern, tasty, attractive food photography of Loaded Turkey Protein Stack, turkey mince, potatoes, tomato, broccoli, peanut butter, social media ready, editorial food styling, soft natural light, shallow depth of field, crisp focus, clean background, vibrant but realistic colors, plated beautifully, minimal props, subtle garnish, hero shot, 45 degree angle, composition centered, 4:5 portrait, appetizing, lunch, air-fryer, high-protein","blurry, lowres, text, watermark, logo, people, hands, deformed, extra fingers, bad anatomy, oversaturated, messy plating"
r353,"modern, tasty, attractive food photography of Tangy Prawns Protein Stack, prawns, rice, mushroom, tomato, cheddar cheese, social media ready, editorial food styling, soft natural light, shallow depth of field, crisp focus, clean background, vibrant but realistic colors, plated beautifully, minimal props, subtle garnish, hero shot, 45 degree angle, composition centered, 4:5 portrait, appetizing, lunch, air-fryer, pescatarian, high-protein","blurry, lowres, text, watermark, logo, people, hands, deformed, extra fingers, bad anatomy, oversaturated, messy plating"
r354,"modern, tasty, attractive food photography of Spicy Indian Spiced Tofu Lift Pot, tofu, couscous, green beans, onion, peanut butter, social media ready, editorial food styling, soft natural light, shallow depth of field, crisp focus, clean background, vibrant but realistic colors, plated beautifully, minimal props, subtle garnish, hero shot, 45 degree angle, composition centered, 4:5 portrait, appetizing, dinner, vegan, high-protein","blurry, lowres, text, watermark, logo, people, hands, deformed, extra fingers, bad anatomy, oversaturated, messy plating"
r355,"modern, tasty, attractive food photography of Loaded Sesame Ginger Tofu Pasta Pot, tofu, noodles (rice), bell pepper, sweet potato, olive oil, social media ready, editorial food styling, soft natural light, shallow depth of field, crisp focus, clean background, vibrant but realistic colors, plated beautifully, minimal props, subtle garnish, hero shot, 45 degree angle, composition centered, 4:5 portrait, appetizing, dinner, vegan, high-protein","blurry, lowres, text, watermark, logo, people, hands, deformed, extra fingers, bad anatomy, oversaturated, messy plating"
r356,"modern, tasty, attractive food photography of Epic Peri-Peri Tuna (Canned) Energy Bowl, tuna (canned), brown rice, onion, broccoli, cheddar cheese, social media ready, editorial food styling, soft natural light, shallow depth of field, crisp focus, clean background, vibrant but realistic colors, plated beautifully, minimal props, subtle garnish, hero shot, 45 degree angle, composition centered, 4:5 portrait, appetizing, dinner, pescatarian, high-protein","blurry, lowres, text, watermark, logo, people, hands, deformed, extra fingers, bad anatomy, oversaturated, messy plating"
r357,"modern, tasty, attractive food photography of Ultimate Garlic Herb Salmon Build Bowl, salmon fillet, potatoes, mushroom, carrot, butter, social media ready, editorial food styling, soft natural light, shallow depth of field, crisp focus, clean background, vibrant but realistic colors, plated beautifully, minimal props, subtle garnish, hero shot, 45 degree angle, composition centered, 4:5 portrait, appetizing, lunch, air-fryer, pescatarian, high-protein","blurry, lowres, text, watermark, logo, people, hands, deformed, extra fingers, bad anatomy, oversaturated, messy plating"
r358,"modern, tasty, attractive food photography of Golden Buffalo Salmon Pasta Pot, salmon fillet, noodles (rice), tomato, broccoli, peanut butter, social media ready, editorial food styling, soft natural light, shallow depth of field, crisp focus, clean background, vibrant but realistic colors, plated beautifully, minimal props, subtle garnish, hero shot, 45 degree angle, composition centered, 4:5 portrait, appetizing, lunch, pescatarian, high-protein","blurry, lowres, text, watermark, logo, people, hands, deformed, extra fingers, bad anatomy, oversaturated, messy plating"
r359,"modern, tasty, attractive food photography of Super Chicken Protein Stack, chicken breast, rice, mushroom, mushroom, peanut butter, social media ready, editorial food styling, soft natural light, shallow depth of field, crisp focus, clean background, vibrant but realistic colors, plated beautifully, minimal props, subtle garnish, hero shot, 45 degree angle, composition centered, 4:5 portrait, appetizing, lunch, high-protein","blurry, lowres, text, watermark, logo, people, hands, deformed, extra fingers, bad anatomy, oversaturated, messy plating"
r360,"modern, tasty, attractive food photography of Creamy Satay Cod Protein Pot, cod fillet, potatoes, courgette, tomato, peanut butter, social media ready, editorial food styling, soft natural light, shallow depth of field, crisp focus, clean background, vibrant but realistic colors, plated beautifully, minimal props, subtle garnish, hero shot, 45 degree angle, composition centered, 4:5 portrait, appetizing, dinner, pescatarian, high-protein","blurry, lowres, text, watermark, logo, people, hands, deformed, extra fingers, bad anatomy, oversaturated, messy plating"
r361,"modern, tasty, attractive food photography of Power Tofu Protein Stack, tofu, potatoes, green beans, courgette, cheddar cheese, social media ready, editorial food styling, soft natural light, shallow depth of field, crisp focus, clean background, vibrant but realistic colors, plated beautifully, minimal props, subtle garnish, hero shot, 45 degree angle, composition centered, 4:5 portrait, appetizing, lunch, vegan, high-protein","blurry, lowres, text, watermark, logo, people, hands, deformed, extra fingers, bad anatomy, oversaturated, messy plating"
r362,"modern, tasty, attractive food photography of Mega Buffalo Tofu Pasta Pot, tofu, noodles (rice), courgette, sweet potato, cheddar cheese, social media ready, editorial food styling, soft natural light, shallow depth of field, crisp focus, clean background, vibrant but realistic colors, plated beautifully, minimal props, subtle garnish, hero shot, 45 degree angle, composition centered, 4:5 portrait, appetizing, lunch, vegan, high-protein","blurry, lowres, text, watermark, logo, people, hands, deformed, extra fingers, bad anatomy, oversaturated, messy plating"
r363,"modern, tasty, attractive food photography of Super Korean BBQ Salmon Fuel Box, salmon fillet, quinoa, mushroom, green beans, olive oil, social media ready, editorial food styling, soft natural light, shallow depth of field, crisp focus, clean background, vibrant but realistic colors, plated beautifully, minimal props, subtle garnish, hero shot, 45 degree angle, composition centered, 4:5 portrait, appetizing, dinner, pescatarian, high-protein","blurry, lowres, text, watermark, logo, people, hands, deformed, extra fingers, bad anatomy, oversaturated, messy plating"
r364,"modern, tasty, attractive food photography of Crispy Buffalo Prawns Protein Pot, prawns, quinoa, courgette, spinach, butter, social media ready, editorial food styling, soft natural light, shallow depth of field, crisp focus, clean background, vibrant but realistic colors, plated beautifully, minimal props, subtle garnish, hero shot, 45 degree angle, composition centered, 4:5 portrait, appetizing, dinner, air-fryer, pescatarian, high-protein","blurry, lowres, text, watermark, logo, people, hands, deformed, extra fingers, bad anatomy, oversaturated, messy plating"
r365,"modern, tasty, attractive food photography of Golden Indian Spiced Salmon Prep Box, salmon fillet, quinoa, spinach, carrot, sesame oil, social media ready, editorial food styling, soft natural light, shallow depth of field, crisp focus, clean background, vibrant but realistic colors, plated beautifully, minimal props, subtle garnish, hero shot, 45 degree angle, composition centered, 4:5 portrait, appetizing, dinner, pescatarian, high-protein","blurry, lowres, text, watermark, logo, people, hands, deformed, extra fingers, bad anatomy, oversaturated, messy plating"
r366,"modern, tasty, attractive food photography of Mega Korean BBQ Eggs Pasta Pot, eggs, noodles (rice), courgette, courgette, peanut butter, social media ready, editorial food styling, soft natural light, shallow depth of field, crisp focus, clean background, vibrant but realistic colors, plated beautifully, minimal props, subtle garnish, hero shot, 45 degree angle, composition centered, 4:5 portrait, appetizing, lunch","blurry, lowres, text, watermark, logo, people, hands, deformed, extra fingers, bad anatomy, oversaturated, messy plating"
r367,"modern, tasty, attractive food photography of Power Tuna (Canned) Protein Stack, tuna (canned), potatoes, sweet potato, broccoli, butter, social media ready, editorial food styling, soft natural light, shallow depth of field, crisp focus, clean background, vibrant but realistic colors, plated beautifully, minimal props, subtle garnish, hero shot, 45 degree angle, composition centered, 4:5 portrait, appetizing, lunch, air-fryer, pescatarian, high-protein","blurry, lowres, text, watermark, logo, people, hands, deformed, extra fingers, bad anatomy, oversaturated, messy plating"
r368,"modern, tasty, attractive food photography of Creamy Mexican Spiced Chicken Build Bowl, chicken breast, quinoa, carrot, courgette, peanut butter, social media ready, editorial food styling, soft natural light, shallow depth of field, crisp focus, clean background, vibrant but realistic colors, plated beautifully, minimal props, subtle garnish, hero shot, 45 degree angle, composition centered, 4:5 portrait, appetizing, lunch, air-fryer, high-protein","blurry, lowres, text, watermark, logo, people, hands, deformed, extra fingers, bad anatomy, oversaturated, messy plating"
r369,"modern, tasty, attractive food photography of Loaded Mediterranean Tuna (Canned) Energy Bowl, tuna (canned), quinoa, mushroom, mushroom, butter, social media ready, editorial food styling, soft natural light, shallow depth of field, crisp focus, clean background, vibrant but realistic colors, plated beautifully, minimal props, subtle garnish, hero shot, 45 degree angle, composition centered, 4:5 portrait, appetizing, lunch, air-fryer, pescatarian, high-protein","blurry, lowres, text, watermark, logo, people, hands, deformed, extra fingers, bad anatomy, oversaturated, messy plating"
r370,"modern, tasty, attractive food photography of Supreme Mexican Spiced Salmon Energy Bowl, salmon fillet, brown rice, spinach, mushroom, sesame oil, social media ready, editorial food styling, soft natural light, shallow depth of field, crisp focus, clean background, vibrant but realistic colors, plated beautifully, minimal props, subtle garnish, hero shot, 45 degree angle, composition centered, 4:5 portrait, appetizing, dinner, pescatarian, high-protein","blurry, lowres, text, watermark, logo, people, hands, deformed, extra fingers, bad anatomy, oversaturated, messy plating"
r371,"modern, tasty, attractive food photography of Loaded Beef Protein Stack, beef mince, quinoa, green beans, courgette, butter, social media ready, editorial food styling, soft natural light, shallow depth of field, crisp focus, clean background, vibrant but realistic colors, plated beautifully, minimal props, subtle garnish, hero shot, 45 degree angle, composition centered, 4:5 portrait, appetizing, lunch, air-fryer, high-protein","blurry, lowres, text, watermark, logo, people, hands, deformed, extra fingers, bad anatomy, oversaturated, messy plating"
r372,"modern, tasty, attractive food photography of Epic Cod Protein Stack, cod fillet, brown rice, sweet potato, tomato, butter, social media ready, editorial food styling, soft natural light, shallow depth of field, crisp focus, clean background, vibrant but realistic colors, plated beautifully, minimal props, subtle garnish, hero shot, 45 degree angle, composition centered, 4:5 portrait, appetizing, lunch, pescatarian, high-protein","blurry, lowres, text, watermark, logo, people, hands, deformed, extra fingers, bad anatomy, oversaturated, messy plating"
r373,"modern, tasty, attractive food photography of Crispy Cajun Tuna (Canned) Build Bowl, tuna (canned), potatoes, green beans, tomato, butter, social media ready, editorial food styling, soft natural light, shallow depth of field, crisp focus, clean background, vibrant but realistic colors, plated beautifully, minimal props, subtle garnish, hero shot, 45 degree angle, composition centered, 4:5 portrait, appetizing, lunch, air-fryer, pescatarian, high-protein","blurry, lowres, text, watermark, logo, people, hands, deformed, extra fingers, bad anatomy, oversaturated, messy plating"
r374,"modern, tasty, attractive food photography of Crispy Buffalo Tuna (Canned) Power Bowl, tuna (canned), brown rice, onion, mushroom, peanut butter, social media ready, editorial food styling, soft natural light, shallow depth of field, crisp focus, clean background, vibrant but realistic colors, plated beautifully, minimal props, subtle garnish, hero shot, 45 degree angle, composition centered, 4:5 portrait, appetizing, lunch, air-fryer, pescatarian, high-protein","blurry, lowres, text, watermark, logo, people, hands, deformed, extra fingers, bad anatomy, oversaturated, messy plating"
r375,"modern, tasty, attractive food photography of Creamy Harissa Prawns Lift Pot, prawns, brown rice, carrot, tomato, cheddar cheese, social media ready, editorial food styling, soft natural light, shallow depth of field, crisp focus, clean background, vibrant but realistic colors, plated beautifully, minimal props, subtle garnish, hero shot, 45 degree angle, composition centered, 4:5 portrait, appetizing, lunch, pescatarian, high-protein","blurry, lowres, text, watermark, logo, people, hands, deformed, extra fingers, bad anatomy, oversaturated, messy plating"
r376,"modern, tasty, attractive food photography of Blazing Beef Protein Stack, beef mince, brown rice, bell pepper, onion, olive oil, social media ready, editorial food styling, soft natural light, shallow depth of field, crisp focus, clean background, vibrant but realistic colors, plated beautifully, minimal props, subtle garnish, hero shot, 45 degree angle, composition centered, 4:5 portrait, appetizing, lunch, high-protein","blurry, lowres, text, watermark, logo, people, hands, deformed, extra fingers, bad anatomy, oversaturated, messy plating"
r377,"modern, tasty, attractive food photography of Ultimate Tofu Protein Stack, tofu, rice, tomato, onion, tahini, social media ready, editorial food styling, soft natural light, shallow depth of field, crisp focus, clean background, vibrant but realistic colors, plated beautifully, minimal props, subtle garnish, hero shot, 45 degree angle, composition centered, 4:5 portrait, appetizing, lunch, vegan, high-protein","blurry, lowres, text, watermark, logo, people, hands, deformed, extra fingers, bad anatomy, oversaturated, messy plating"
r378,"modern, tasty, attractive food photography of Loaded Cajun Beef Pasta Pot, beef mince, noodles (rice), broccoli, courgette, cheddar cheese, social media ready, editorial food styling, soft natural light, shallow depth of field, crisp focus, clean background, vibrant but realistic colors, plated beautifully, minimal props, subtle garnish, hero shot, 45 degree angle, composition centered, 4:5 portrait, appetizing, dinner, air-fryer, high-protein","blurry, lowres, text, watermark, logo, people, hands, deformed, extra fingers, bad anatomy, oversaturated, messy plating"
r379,"modern, tasty, attractive food photography of Fiery Indian Spiced Beef Energy Bowl, beef mince, brown rice, onion, carrot, tahini, social media ready, editorial food styling, soft natural light, shallow depth of field, crisp focus, clean background, vibrant but realistic colors, plated beautifully, minimal props, subtle garnish, hero shot, 45 degree angle, composition centered, 4:5 portrait, appetizing, lunch, high-protein","blurry, lowres, text, watermark, logo, people, hands, deformed, extra fingers, bad anatomy, oversaturated, messy plating"
r380,"modern, tasty, attractive food photography of Fiery Buffalo Tempeh Pasta Pot, tempeh, noodles (rice), sweet potato, courgette, butter, social media ready, editorial food styling, soft natural light, shallow depth of field, crisp focus, clean background, vibrant but realistic colors, plated beautifully, minimal props, subtle garnish, hero shot, 45 degree angle, composition centered, 4:5 portrait, appetizing, lunch, vegan, high-protein","blurry, lowres, text, watermark, logo, people, hands, deformed, extra fingers, bad anatomy, oversaturated, messy plating"
r381,"modern, tasty, attractive food photography of Sticky Prawns Protein Stack, prawns, potatoes, sweet potato, tomato, cheddar cheese, social media ready, editorial food styling, soft natural light, shallow depth of field, crisp focus, clean background, vibrant but realistic colors, plated beautifully, minimal props, subtle garnish, hero shot, 45 degree angle, composition centered, 4:5 portrait, appetizing, lunch, air-fryer, pescatarian, high-protein","blurry, lowres, text, watermark, logo, people, hands, deformed, extra fingers, bad anatomy, oversaturated, messy plating"
r382,"modern, tasty, attractive food photography of Super Peri-Peri Salmon Prep Box, salmon fillet, potatoes, mushroom, onion, cheddar cheese, social media ready, editorial food styling, soft natural light, shallow depth of field, crisp focus, clean background, vibrant but realistic colors, plated beautifully, minimal props, subtle garnish, hero shot, 45 degree angle, composition centered, 4:5 portrait, appetizing, lunch, air-fryer, pescatarian, high-protein","blurry, lowres, text, watermark, logo, people, hands, deformed, extra fingers, bad anatomy, oversaturated, messy plating"
r383,"modern, tasty, attractive food photography of Spicy Eggs Protein Stack, eggs, potatoes, tomato, green beans, yogurt, social media ready, editorial food styling, soft natural light, shallow depth of field, crisp focus, clean background, vibrant but realistic colors, plated beautifully, minimal props, subtle garnish, hero shot, 45 degree angle, composition centered, 4:5 portrait, appetizing, lunch","blurry, lowres, text, watermark, logo, people, hands, deformed, extra fingers, bad anatomy, oversaturated, messy plating"
r384,"modern, tasty, attractive food photography of Smoky Lemon Pepper Tempeh Pasta Pot, tempeh, wholewheat pasta, carrot, spinach, olive oil, social media ready, editorial food styling, soft natural light, shallow depth of field, crisp focus, clean background, vibrant but realistic colors, plated beautifully, minimal props, subtle garnish, hero shot, 45 degree angle, composition centered, 4:5 portrait, appetizing, dinner, vegan, high-protein","blurry, lowres, text, watermark, logo, people, hands, deformed, extra fingers, bad anatomy, oversaturated, messy plating"
r385,"modern, tasty, attractive food photography of Smoky Cod Protein Stack, cod fillet, brown rice, broccoli, bell pepper, olive oil, social media ready, editorial food styling, soft natural light, shallow depth of field, crisp focus, clean background, vibrant but realistic colors, plated beautifully, minimal props, subtle garnish, hero shot, 45 degree angle, composition centered, 4:5 portrait, appetizing, lunch, air-fryer, pescatarian, high-protein","blurry, lowres, text, watermark, logo, people, hands, deformed, extra fingers, bad anatomy, oversaturated, messy plating"
r386,"modern, tasty, attractive food photography of Tangy Satay Prawns Pasta Pot, prawns, noodles (rice), courgette, onion, butter, social media ready, editorial food styling, soft natural light, shallow depth of field, crisp focus, clean background, vibrant but realistic colors, plated beautifully, minimal props, subtle garnish, hero shot, 45 degree angle, composition centered, 4:5 portrait, appetizing, lunch, pescatarian, high-protein","blurry, lowres, text, watermark, logo, people, hands, deformed, extra fingers, bad anatomy, oversaturated, messy plating"
r387,"modern, tasty, attractive food photography of Crispy Buffalo Tofu Protein Pot, tofu, rice, spinach, sweet potato, tahini, social media ready, editorial food styling, soft natural light, shallow depth of field, crisp focus, clean background, vibrant but realistic colors, plated beautifully, minimal props, subtle garnish, hero shot, 45 degree angle, composition centered, 4:5 portrait, appetizing, lunch, vegan, high-protein","blurry, lowres, text, watermark, logo, people, hands, deformed, extra fingers, bad anatomy, oversaturated, messy plating"
r388,"modern, tasty, attractive food photography of Power Korean BBQ Salmon Power Bowl, salmon fillet, brown rice, courgette, broccoli, peanut butter, social media ready, editorial food styling, soft natural light, shallow depth of field, crisp focus, clean background, vibrant but realistic colors, plated beautifully, minimal props, subtle garnish, hero shot, 45 degree angle, composition centered, 4:5 portrait, appetizing, dinner, pescatarian, high-protein","blurry, lowres, text, watermark, logo, people, hands, deformed, extra fingers, bad anatomy, oversaturated, messy plating"
r389,"modern, tasty, attractive food photography of Super Tikka Chicken Prep Box, chicken breast, quinoa, spinach, courgette, sesame oil, social media ready, editorial food styling, soft natural light, shallow depth of field, crisp focus, clean background, vibrant but realistic colors, plated beautifully, minimal props, subtle garnish, hero shot, 45 degree angle, composition centered, 4:5 portrait, appetizing, lunch, high-protein","blurry, lowres, text, watermark, logo, people, hands, deformed, extra fingers, bad anatomy, oversaturated, messy plating"
r390,"modern, tasty, attractive food photography of Supreme Chicken Protein Stack, chicken breast, potatoes, sweet potato, onion, cheddar cheese, social media ready, editorial food styling, soft natural light, shallow depth of field, crisp focus, clean background, vibrant but realistic colors, plated beautifully, minimal props, subtle garnish, hero shot, 45 degree angle, composition centered, 4:5 portrait, appetizing, lunch, high-protein","blurry, lowres, text, watermark, logo, people, hands, deformed, extra fingers, bad anatomy, oversaturated, messy plating"
r391,"modern, tasty, attractive food photography of Golden Buffalo Prawns Pasta Pot, prawns, noodles (rice), broccoli, courgette, tahini, social media ready, editorial food styling, soft natural light, shallow depth of field, crisp focus, clean background, vibrant but realistic colors, plated beautifully, minimal props, subtle garnish, hero shot, 45 degree angle, composition centered, 4:5 portrait, appetizing, dinner, pescatarian, high-protein","blurry, lowres, text, watermark, logo, people, hands, deformed, extra fingers, bad anatomy, oversaturated, messy plating"
r392,"modern, tasty, attractive food photography of Smoky Lemon Pepper Prawns Fuel Box, prawns, couscous, spinach, mushroom, tahini, social media ready, editorial food styling, soft natural light, shallow depth of field, crisp focus, clean background, vibrant but realistic colors, plated beautifully, minimal props, subtle garnish, hero shot, 45 degree angle, composition centered, 4:5 portrait, appetizing, dinner, pescatarian, high-protein","blurry, lowres, text, watermark, logo, people, hands, deformed, extra fingers, bad anatomy, oversaturated, messy plating"
r393,"modern, tasty, attractive food photography of Supreme Mediterranean Eggs Prep Box, eggs, quinoa, onion, courgette, tahini, social media ready, editorial food styling, soft natural light, shallow depth of field, crisp focus, clean background, vibrant but realistic colors, plated beautifully, minimal props, subtle garnish, hero shot, 45 degree angle, composition centered, 4:5 portrait, appetizing, lunch","blurry, lowres, text, watermark, logo, people, hands, deformed, extra fingers, bad anatomy, oversaturated, messy plating"
r394,"modern, tasty, attractive food photography of Super Teriyaki Eggs Pasta Pot, eggs, wholewheat pasta, green beans, sweet potato, cheddar cheese, social media ready, editorial food styling, soft natural light, shallow depth of field, crisp focus, clean background, vibrant but realistic colors, plated beautifully, minimal props, subtle garnish, hero shot, 45 degree angle, composition centered, 4:5 portrait, appetizing, lunch, air-fryer","blurry, lowres, text, watermark, logo, people, hands, deformed, extra fingers, bad anatomy, oversaturated, messy plating"
r395,"modern, tasty, attractive food photography of Epic Satay Tuna (Canned) Fuel Box, tuna (canned), brown rice, green beans, spinach, tahini, social media ready, editorial food styling, soft natural light, shallow depth of field, crisp focus, clean background, vibrant but realistic colors, plated beautifully, minimal props, subtle garnish, hero shot, 45 degree angle, composition centered, 4:5 portrait, appetizing, lunch, air-fryer, pescatarian, high-protein","blurry, lowres, text, watermark, logo, people, hands, deformed, extra fingers, bad anatomy, oversaturated, messy plating"
r396,"modern, tasty, attractive food photography of Epic BBQ Prawns Macro Bowl, prawns, potatoes, bell pepper, onion, cheddar cheese, social media ready, editorial food styling, soft natural light, shallow depth of field, crisp focus, clean background, vibrant but realistic colors, plated beautifully, minimal props, subtle garnish, hero shot, 45 degree angle, composition centered, 4:5 portrait, appetizing, dinner, air-fryer, pescatarian, high-protein","blurry, lowres, text, watermark, logo, people, hands, deformed, extra fingers, bad anatomy, oversaturated, messy plating"
r397,"modern, tasty, attractive food photography of Mega Tuna (Canned) Protein Stack, tuna (canned), couscous, sweet potato, carrot, butter, social media ready, editorial food styling, soft natural light, shallow depth of field, crisp focus, clean background, vibrant but realistic colors, plated beautifully, minimal props, subtle garnish, hero shot, 45 degree angle, composition centered, 4:5 portrait, appetizing, lunch, pescatarian, high-protein","blurry, lowres, text, watermark, logo, people, hands, deformed, extra fingers, bad anatomy, oversaturated, messy plating"
r398,"modern, tasty, attractive food photography of Golden Cajun Tempeh Pasta Pot, tempeh, noodles (rice), sweet potato, courgette, tahini, social media ready, editorial food styling, soft natural light, shallow depth of field, crisp focus, clean background, vibrant but realistic colors, plated beautifully, minimal props, subtle garnish, hero shot, 45 degree angle, composition centered, 4:5 portrait, appetizing, lunch, vegan, high-protein","blurry, lowres, text, watermark, logo, people, hands, deformed, extra fingers, bad anatomy, oversaturated, messy plating"
r399,"modern, tasty, attractive food photography of Creamy Cajun Cod Build Bowl, cod fillet, brown rice, tomato, spinach, olive oil, social media ready, editorial food styling, soft natural light, shallow depth of field, crisp focus, clean background, vibrant but realistic colors, plated beautifully, minimal props, subtle garnish, hero shot, 45 degree angle, composition centered, 4:5 portrait, appetizing, dinner, pescatarian, high-protein","blurry, lowres, text, watermark, logo, people, hands, deformed, extra fingers, bad anatomy, oversaturated, messy plating"
r400,"modern, tasty, attractive food photography of Power Salmon Protein Stack, salmon fillet, quinoa, onion, green beans, tahini, social media ready, editorial food styling, soft natural light, shallow depth of field, crisp focus, clean background, vibrant but realistic colors, plated beautifully, minimal props, subtle garnish, hero shot, 45 degree angle, composition centered, 4:5 portrait, appetizing, lunch, pescatarian, high-protein","blurry, lowres, text, watermark, logo, people, hands, deformed, extra fingers, bad anatomy, oversaturated, messy plating"
r401,"modern, tasty, attractive food photography of Sizzling Beef Protein Stack, beef mince, potatoes, onion, carrot, butter, social media ready, editorial food styling, soft natural light, shallow depth of field, crisp focus, clean background, vibrant but realistic colors, plated beautifully, minimal props, subtle garnish, hero shot, 45 degree angle, composition centered, 4:5 portrait, appetizing, lunch, high-protein","blurry, lowres, text, watermark, logo, people, hands, deformed, extra fingers, bad anatomy, oversaturated, messy plating"
r404,"modern, tasty, attractive food photography of Fiery Honey Mustard Cod Power Bowl, cod fillet, potatoes, carrot, onion, olive oil, social media ready, editorial food styling, soft natural light, shallow depth of field, crisp focus, clean background, vibrant but realistic colors, plated beautifully, minimal props, subtle garnish, hero shot, 45 degree angle, composition centered, 4:5 portrait, appetizing, dinner, pescatarian, high-protein","blurry, lowres, text, watermark, logo, people, hands, deformed, extra fingers, bad anatomy, oversaturated, messy plating"
r405,"modern, tasty, attractive food photography of Super Tikka Tuna (Canned) Pasta Pot, tuna (canned), wholewheat pasta, bell pepper, mushroom, sesame oil, social media ready, editorial food styling, soft natural light, shallow depth of field, crisp focus, clean background, vibrant but realistic colors, plated beautifully, minimal props, subtle garnish, hero shot, 45 degree angle, composition centered, 4:5 portrait, appetizing, lunch, air-fryer, pescatarian, high-protein","blurry, lowres, text, watermark, logo, people, hands, deformed, extra fingers, bad anatomy, oversaturated, messy plating"
r406,"modern, tasty, attractive food photography of Fiery Indian Spiced Tuna (Canned) Fuel Box, tuna (canned), rice, tomato, carrot, olive oil, social media ready, editorial food styling, soft natural light, shallow depth of field, crisp focus, clean background, vibrant but realistic colors, plated beautifully, minimal props, subtle garnish, hero shot, 45 degree angle, composition centered, 4:5 portrait, appetizing, lunch, pescatarian, high-protein","blurry, lowres, text, watermark, logo, people, hands, deformed, extra fingers, bad anatomy, oversaturated, messy plating"
r407,"modern, tasty, attractive food photography of Smoky Thai Coconut Tofu Macro Bowl, tofu, rice, carrot, mushroom, butter, social media ready, editorial food styling, soft natural light, shallow depth of field, crisp focus, clean background, vibrant but realistic colors, plated beautifully, minimal props, subtle garnish, hero shot, 45 degree angle, composition centered, 4:5 portrait, appetizing, lunch, vegan, high-protein","blurry, lowres, text, watermark, logo, people, hands, deformed, extra fingers, bad anatomy, oversaturated, messy plating"
r408,"modern, tasty, attractive food photography of Crispy Garlic Herb Eggs Energy Bowl, eggs, quinoa, mushroom, carrot, peanut butter, social media ready, editorial food styling, soft natural light, shallow depth of field, crisp focus, clean background, vibrant but realistic colors, plated beautifully, minimal props, subtle garnish, hero shot, 45 degree angle, composition centered, 4:5 portrait, appetizing, lunch","blurry, lowres, text, watermark, logo, people, hands, deformed, extra fingers, bad anatomy, oversaturated, messy plating"
r409,"modern, tasty, attractive food photography of Mega Prawns Protein Stack, prawns, potatoes, broccoli, mushroom, olive oil, social media ready, editorial food styling, soft natural light, shallow depth of field, crisp focus, clean background, vibrant but realistic colors, plated beautifully, minimal props, subtle garnish, hero shot, 45 degree angle, composition centered, 4:5 portrait, appetizing, lunch, air-fryer, pescatarian, high-protein","blurry, lowres, text, watermark, logo, people, hands, deformed, extra fingers, bad anatomy, oversaturated, messy plating"
r410,"modern, tasty, attractive food photography of Golden Tempeh Protein Stack, tempeh, couscous, carrot, green beans, tahini, social media ready, editorial food styling, soft natural light, shallow depth of field, crisp focus, clean background, vibrant but realistic colors, plated beautifully, minimal props, subtle garnish, hero shot, 45 degree angle, composition centered, 4:5 portrait, appetizing, lunch, vegan, high-protein","blurry, lowres, text, watermark, logo, people, hands, deformed, extra fingers, bad anatomy, oversaturated, messy plating"
r411,"modern, tasty, attractive food photography of Ultimate Chipotle Prawns Power Bowl, prawns, potatoes, bell pepper, mushroom, butter, social media ready, editorial food styling, soft natural light, shallow depth of field, crisp focus, clean background, vibrant but realistic colors, plated beautifully, minimal props, subtle garnish, hero shot, 45 degree angle, composition centered, 4:5 portrait, appetizing, lunch, pescatarian, high-protein","blurry, lowres, text, watermark, logo, people, hands, deformed, extra fingers, bad anatomy, oversaturated, messy plating"
r412,"modern, tasty, attractive food photography of Creamy Lemon Pepper Beef Prep Box, beef mince, potatoes, carrot, sweet potato, cheddar cheese, social media ready, editorial food styling, soft natural light, shallow depth of field, crisp focus, clean background, vibrant but realistic colors, plated beautifully, minimal props, subtle garnish, hero shot, 45 degree angle, composition centered, 4:5 portrait, appetizing, lunch, high-protein","blurry, lowres, text, watermark, logo, people, hands, deformed, extra fingers, bad anatomy, oversaturated, messy plating"
r413,"modern, tasty, attractive food photography of Supreme Harissa Turkey Build Bowl, turkey mince, rice, carrot, tomato, butter, social media ready, editorial food styling, soft natural light, shallow depth of field, crisp focus, clean background, vibrant but realistic colors, plated beautifully, minimal props, subtle garnish, hero shot, 45 degree angle, composition centered, 4:5 portrait, appetizing, dinner, air-fryer, high-protein","blurry, lowres, text, watermark, logo, people, hands, deformed, extra fingers, bad anatomy, oversaturated, messy plating"
r414,"modern, tasty, attractive food photography of Blazing Lemon Pepper Salmon Build Bowl, salmon fillet, quinoa, green beans, tomato, yogurt, social media ready, editorial food styling, soft natural light, shallow depth of field, crisp focus, clean background, vibrant but realistic colors, plated beautifully, minimal props, subtle garnish, hero shot, 45 degree angle, composition centered, 4:5 portrait, appetizing, lunch, pescatarian, high-protein","blurry, lowres, text, watermark, logo, people, hands, deformed, extra fingers, bad anatomy, oversaturated, messy plating"
r415,"modern, tasty, attractive food photography of Golden Teriyaki Eggs Lift Pot, eggs, quinoa, tomato, carrot, olive oil, social media ready, editorial food styling, soft natural light, shallow depth of field, crisp focus, clean background, vibrant but realistic colors, plated beautifully, minimal props, subtle garnish, hero shot, 45 degree angle, composition centered, 4:5 portrait, appetizing, dinner, air-fryer","blurry, lowres, text, watermark, logo, people, hands, deformed, extra fingers, bad anatomy, oversaturated, messy plating"
r416,"modern, tasty, attractive food photography of Supreme Tikka Cod Lift Pot, cod fillet, brown rice, bell pepper, tomato, sesame oil, social media ready, editorial food styling, soft natural light, shallow depth of field, crisp focus, clean background, vibrant but realistic colors, plated beautifully, minimal props, subtle garnish, hero shot, 45 degree angle, composition centered, 4:5 portrait, appetizing, dinner, pescatarian, high-protein","blurry, lowres, text, watermark, logo, people, hands, deformed, extra fingers, bad anatomy, oversaturated, messy plating"
r417,"modern, tasty, attractive food photography of Blazing Teriyaki Tuna (Canned) Energy Bowl, tuna (canned), quinoa, green beans, green beans, olive oil, social media ready, editorial food styling, soft natural light, shallow depth of field, crisp focus, clean background, vibrant but realistic colors, plated beautifully, minimal props, subtle garnish, hero shot, 45 degree angle, composition centered, 4:5 portrait, appetizing, lunch, pescatarian, high-protein","blurry, lowres, text, watermark, logo, people, hands, deformed, extra fingers, bad anatomy, oversaturated, messy plating"
r418,"modern, tasty, attractive food photography of Sizzling Honey Mustard Beef Energy Bowl, beef mince, brown rice, courgette, spinach, butter, social media ready, editorial food styling, soft natural light, shallow depth of field, crisp focus, clean background, vibrant but realistic colors, plated beautifully, minimal props, subtle garnish, hero shot, 45 degree angle, composition centered, 4:5 portrait, appetizing, lunch, air-fryer, high-protein","blurry, lowres, text, watermark, logo, people, hands, deformed, extra fingers, bad anatomy, oversaturated, messy plating"
r420,"modern, tasty, attractive food photography of Zesty Korean BBQ Cod Pasta Pot, cod fillet, wholewheat pasta, green beans, spinach, peanut butter, social media ready, editorial food styling, soft natural light, shallow depth of field, crisp focus, clean background, vibrant but realistic colors, plated beautifully, minimal props, subtle garnish, hero shot, 45 degree angle, composition centered, 4:5 portrait, appetizing, lunch, pescatarian, high-protein","blurry, lowres, text, watermark, logo, people, hands, deformed, extra fingers, bad anatomy, oversaturated, messy plating"
r421,"modern, tasty, attractive food photography of Tangy Buffalo Eggs Power Bowl, eggs, couscous, carrot, courgette, peanut butter, social media ready, editorial food styling, soft natural light, shallow depth of field, crisp focus, clean background, vibrant but realistic colors, plated beautifully, minimal props, subtle garnish, hero shot, 45 degree angle, composition centered, 4:5 portrait, appetizing, dinner","blurry, lowres, text, watermark, logo, people, hands, deformed, extra fingers, bad anatomy, oversaturated, messy plating"
r422,"modern, tasty, attractive food photography of Supreme Prawns Protein Stack, prawns, couscous, tomato, tomato, cheddar cheese, social media ready, editorial food styling, soft natural light, shallow depth of field, crisp focus, clean background, vibrant but realistic colors, plated beautifully, minimal props, subtle garnish, hero shot, 45 degree angle, composition centered, 4:5 portrait, appetizing, lunch, pescatarian, high-protein","blurry, lowres, text, watermark, logo, people, hands, deformed, extra fingers, bad anatomy, oversaturated, messy plating"
r423,"modern, tasty, attractive food photography of Super Honey Mustard Tuna (Canned) Macro Bowl, tuna (canned), potatoes, spinach, spinach, tahini, social media ready, editorial food styling, soft natural light, shallow depth of field, crisp focus, clean background, vibrant but realistic colors, plated beautifully, minimal props, subtle garnish, hero shot, 45 degree angle, composition centered, 4:5 portrait, appetizing, dinner, air-fryer, pescatarian, high-protein","blurry, lowres, text, watermark, logo, people, hands, deformed, extra fingers, bad anatomy, oversaturated, messy plating"
r424,"modern, tasty, attractive food photography of Loaded Mediterranean Tuna (Canned) Lift Pot, tuna (canned), brown rice, onion, sweet potato, sesame oil, social media ready, editorial food styling, soft natural light, shallow depth of field, crisp focus, clean background, vibrant but realistic colors, plated beautifully, minimal props, subtle garnish, hero shot, 45 degree angle, composition centered, 4:5 portrait, appetizing, dinner, pescatarian, high-protein","blurry, lowres, text, watermark, logo, people, hands, deformed, extra fingers, bad anatomy, oversaturated, messy plating"
r425,"modern, tasty, attractive food photography of Ultimate Cod Protein Stack, cod fillet, quinoa, spinach, bell pepper, yogurt, social media ready, editorial food styling, soft natural light, shallow depth of field, crisp focus, clean background, vibrant but realistic colors, plated beautifully, minimal props, subtle garnish, hero shot, 45 degree angle, composition centered, 4:5 portrait, appetizing, lunch, pescatarian, high-protein","blurry, lowres, text, watermark, logo, people, hands, deformed, extra fingers, bad anatomy, oversaturated, messy plating"
r426,"modern, tasty, attractive food photography of Blazing Tikka Tofu Lift Pot, tofu, potatoes, mushroom, mushroom, tahini, social media ready, editorial food styling, soft natural light, shallow depth of field, crisp focus, clean background, vibrant but realistic colors, plated beautifully, minimal props, subtle garnish, hero shot, 45 degree angle, composition centered, 4:5 portrait, appetizing, lunch, vegan, high-protein","blurry, lowres, text, watermark, logo, people, hands, deformed, extra fingers, bad anatomy, oversaturated, messy plating"
r427,"modern, tasty, attractive food photography of Creamy Salmon Protein Stack, salmon fillet, couscous, broccoli, mushroom, cheddar cheese, social media ready, editorial food styling, soft natural light, shallow depth of field, crisp focus, clean background, vibrant but realistic colors, plated beautifully, minimal props, subtle garnish, hero shot, 45 degree angle, composition centered, 4:5 portrait, appetizing, lunch, pescatarian, high-protein","blurry, lowres, text, watermark, logo, people, hands, deformed, extra fingers, bad anatomy, oversaturated, messy plating"
r428,"modern, tasty, attractive food photography of Super Harissa Cod Fuel Box, cod fillet, couscous, carrot, green beans, yogurt, social media ready, editorial food styling, soft natural light, shallow depth of field, crisp focus, clean background, vibrant but realistic colors, plated beautifully, minimal props, subtle garnish, hero shot, 45 degree angle, composition centered, 4:5 portrait, appetizing, lunch, pescatarian, high-protein","blurry, lowres, text, watermark, logo, people, hands, deformed, extra fingers, bad anatomy, oversaturated, messy plating"
r429,"modern, tasty, attractive food photography of Epic Tuna (Canned) Protein Stack, tuna (canned), brown rice, onion, mushroom, yogurt, social media ready, editorial food styling, soft natural light, shallow depth of field, crisp focus, clean background, vibrant but realistic colors, plated beautifully, minimal props, subtle garnish, hero shot, 45 degree angle, composition centered, 4:5 portrait, appetizing, lunch, pescatarian, high-protein","blurry, lowres, text, watermark, logo, people, hands, deformed, extra fingers, bad anatomy, oversaturated, messy plating"
r431,"modern, tasty, attractive food photography of Golden Buffalo Tuna (Canned) Build Bowl, tuna (canned), couscous, mushroom, onion, peanut butter, social media ready, editorial food styling, soft natural light, shallow depth of field, crisp focus, clean background, vibrant but realistic colors, plated beautifully, minimal props, subtle garnish, hero shot, 45 degree angle, composition centered, 4:5 portrait, appetizing, dinner, pescatarian, high-protein","blurry, lowres, text, watermark, logo, people, hands, deformed, extra fingers, bad anatomy, oversaturated, messy plating"
r432,"modern, tasty, attractive food photography of Blazing Lemon Pepper Chicken Pasta Pot, chicken breast, wholewheat pasta, sweet potato, onion, sesame oil, social media ready, editorial food styling, soft natural light, shallow depth of field, crisp focus, clean background, vibrant but realistic colors, plated beautifully, minimal props, subtle garnish, hero shot, 45 degree angle, composition centered, 4:5 portrait, appetizing, dinner, air-fryer, high-protein","blurry, lowres, text, watermark, logo, people, hands, deformed, extra fingers, bad anatomy, oversaturated, messy plating"
r433,"modern, tasty, attractive food photography of Blazing Cajun Tempeh Energy Bowl, tempeh, potatoes, carrot, spinach, peanut butter, social media ready, editorial food styling, soft natural light, shallow depth of field, crisp focus, clean background, vibrant but realistic colors, plated beautifully, minimal props, subtle garnish, hero shot, 45 degree angle, composition centered, 4:5 portrait, appetizing, lunch, vegan, high-protein","blurry, lowres, text, watermark, logo, people, hands, deformed, extra fingers, bad anatomy, oversaturated, messy plating"
r434,"modern, tasty, attractive food photography of Loaded Korean BBQ Tuna (Canned) Fuel Box, tuna (canned), potatoes, carrot, spinach, sesame oil, social media ready, editorial food styling, soft natural light, shallow depth of field, crisp focus, clean background, vibrant but realistic colors, plated beautifully, minimal props, subtle garnish, hero shot, 45 degree angle, composition centered, 4:5 portrait, appetizing, dinner, air-fryer, pescatarian, high-protein","blurry, lowres, text, watermark, logo, people, hands, deformed, extra fingers, bad anatomy, oversaturated, messy plating"
r436,"modern, tasty, attractive food photography of Supreme Buffalo Tuna (Canned) Protein Pot, tuna (canned), potatoes, sweet potato, courgette, olive oil, social media ready, editorial food styling, soft natural light, shallow depth of field, crisp focus, clean background, vibrant but realistic colors, plated beautifully, minimal props, subtle garnish, hero shot, 45 degree angle, composition centered, 4:5 portrait, appetizing, dinner, pescatarian, high-protein","blurry, lowres, text, watermark, logo, people, hands, deformed, extra fingers, bad anatomy, oversaturated, messy plating"
r437,"modern, tasty, attractive food photography of Mega Tofu Protein Stack, tofu, rice, sweet potato, bell pepper, butter, social media ready, editorial food styling, soft natural light, shallow depth of field, crisp focus, clean background, vibrant but realistic colors, plated beautifully, minimal props, subtle garnish, hero shot, 45 degree angle, composition centered, 4:5 portrait, appetizing, lunch, vegan, high-protein","blurry, lowres, text, watermark, logo, people, hands, deformed, extra fingers, bad anatomy, oversaturated, messy plating"
r438,"modern, tasty, attractive food photography of Smoky Turkey Protein Stack, turkey mince, brown rice, bell pepper, carrot, yogurt, social media ready, editorial food styling, soft natural light, shallow depth of field, crisp focus, clean background, vibrant but realistic colors, plated beautifully, minimal props, subtle garnish, hero shot, 45 degree angle, composition centered, 4:5 portrait, appetizing, lunch, high-protein","blurry, lowres, text, watermark, logo, people, hands, deformed, extra fingers, bad anatomy, oversaturated, messy plating"
r439,"modern, tasty, attractive food photography of Ultimate Thai Coconut Beef Macro Bowl, beef mince, couscous, sweet potato, onion, sesame oil, social media ready, editorial food styling, soft natural light, shallow depth of field, crisp focus, clean background, vibrant but realistic colors, plated beautifully, minimal props, subtle garnish, hero shot, 45 degree angle, composition centered, 4:5 portrait, appetizing, lunch, high-protein","blurry, lowres, text, watermark, logo, people, hands, deformed, extra fingers, bad anatomy, oversaturated, messy plating"
r440,"modern, tasty, attractive food photography of Power Thai Coconut Turkey Lift Pot, turkey mince, quinoa, mushroom, broccoli, butter, social media ready, editorial food styling, soft natural light, shallow depth of field, crisp focus, clean background, vibrant but realistic colors, plated beautifully, minimal props, subtle garnish, hero shot, 45 degree angle, composition centered, 4:5 portrait, appetizing, lunch, high-protein","blurry, lowres, text, watermark, logo, people, hands, deformed, extra fingers, bad anatomy, oversaturated, messy plating"
r441,"modern, tasty, attractive food photography of Golden Korean BBQ Cod Pasta Pot, cod fillet, wholewheat pasta, green beans, courgette, olive oil, social media ready, editorial food styling, soft natural light, shallow depth of field, crisp focus, clean background, vibrant but realistic colors, plated beautifully, minimal props, subtle garnish, hero shot, 45 degree angle, composition centered, 4:5 portrait, appetizing, lunch, pescatarian, high-protein","blurry, lowres, text, watermark, logo, people, hands, deformed, extra fingers, bad anatomy, oversaturated, messy plating"
r442,"modern, tasty, attractive food photography of Super Lemon Pepper Beef Pasta Pot, beef mince, noodles (rice), sweet potato, broccoli, yogurt, social media ready, editorial food styling, soft natural light, shallow depth of field, crisp focus, clean background, vibrant but realistic colors, plated beautifully, minimal props, subtle garnish, hero shot, 45 degree angle, composition centered, 4:5 portrait, appetizing, lunch, air-fryer, high-protein","blurry, lowres, text, watermark, logo, people, hands, deformed, extra fingers, bad anatomy, oversaturated, messy plating"
r443,"modern, tasty, attractive food photography of Creamy Sesame Ginger Chicken Pasta Pot, chicken breast, wholewheat pasta, courgette, green beans, sesame oil, social media ready, editorial food styling, soft natural light, shallow depth of field, crisp focus, clean background, vibrant but realistic colors, plated beautifully, minimal props, subtle garnish, hero shot, 45 degree angle, composition centered, 4:5 portrait, appetizing, lunch, high-protein","blurry, lowres, text, watermark, logo, people, hands, deformed, extra fingers, bad anatomy, oversaturated, messy plating"
r444,"modern, tasty, attractive food photography of Mega Harissa Chicken Prep Box, chicken breast, couscous, green beans, carrot, yogurt, social media ready, editorial food styling, soft natural light, shallow depth of field, crisp focus, clean background, vibrant but realistic colors, plated beautifully, minimal props, subtle garnish, hero shot, 45 degree angle, composition centered, 4:5 portrait, appetizing, lunch, air-fryer, high-protein","blurry, lowres, text, watermark, logo, people, hands, deformed, extra fingers, bad anatomy, oversaturated, messy plating"
r445,"modern, tasty, attractive food photography of Supreme Cod Protein Stack, cod fillet, couscous, courgette, tomato, peanut butter, social media ready, editorial food styling, soft natural light, shallow depth of field, crisp focus, clean background, vibrant but realistic colors, plated beautifully, minimal props, subtle garnish, hero shot, 45 degree angle, composition centered, 4:5 portrait, appetizing, lunch, air-fryer, pescatarian, high-protein","blurry, lowres, text, watermark, logo, people, hands, deformed, extra fingers, bad anatomy, oversaturated, messy plating"
r446,"modern, tasty, attractive food photography of Creamy Turkey Protein Stack, turkey mince, rice, green beans, spinach, yogurt, social media ready, editorial food styling, soft natural light, shallow depth of field, crisp focus, clean background, vibrant but realistic colors, plated beautifully, minimal props, subtle garnish, hero shot, 45 degree angle, composition centered, 4:5 portrait, appetizing, lunch, air-fryer, high-protein","blurry, lowres, text, watermark, logo, people, hands, deformed, extra fingers, bad anatomy, oversaturated, messy plating"
r447,"modern, tasty, attractive food photography of Blazing Eggs Protein Stack, eggs, quinoa, broccoli, mushroom, olive oil, social media ready, editorial food styling, soft natural light, shallow depth of field, crisp focus, clean background, vibrant but realistic colors, plated beautifully, minimal props, subtle garnish, hero shot, 45 degree angle, composition centered, 4:5 portrait, appetizing, lunch","blurry, lowres, text, watermark, logo, people, hands, deformed, extra fingers, bad anatomy, oversaturated, messy plating"
r448,"modern, tasty, attractive food photography of Zesty Prawns Protein Stack, prawns, rice, green beans, broccoli, cheddar cheese, social media ready, editorial food styling, soft natural light, shallow depth of field, crisp focus, clean background, vibrant but realistic colors, plated beautifully, minimal props, subtle garnish, hero shot, 45 degree angle, composition centered, 4:5 portrait, appetizing, lunch, pescatarian, high-protein","blurry, lowres, text, watermark, logo, people, hands, deformed, extra fingers, bad anatomy, oversaturated, messy plating"
r449,"modern, tasty, attractive food photography of Supreme Peri-Peri Eggs Prep Box, eggs, couscous, bell pepper, onion, butter, social media ready, editorial food styling, soft natural light, shallow depth of field, crisp focus, clean background, vibrant but realistic colors, plated beautifully, minimal props, subtle garnish, hero shot, 45 degree angle, composition centered, 4:5 portrait, appetizing, lunch, air-fryer","blurry, lowres, text, watermark, logo, people, hands, deformed, extra fingers, bad anatomy, oversaturated, messy plating"
r450,"modern, tasty, attractive food photography of Power Mexican Spiced Eggs Pasta Pot, eggs, wholewheat pasta, onion, carrot, sesame oil, social media ready, editorial food styling, soft natural light, shallow depth of field, crisp focus, clean background, vibrant but realistic colors, plated beautifully, minimal props, subtle garnish, hero shot, 45 degree angle, composition centered, 4:5 portrait, appetizing, lunch, air-fryer","blurry, lowres, text, watermark, logo, people, hands, deformed, extra fingers, bad anatomy, oversaturated, messy plating"
r451,"modern, tasty, attractive food photography of Smoky Honey Mustard Chicken Energy Bowl, chicken breast, couscous, broccoli, mushroom, olive oil, social media ready, editorial food styling, soft natural light, shallow depth of field, crisp focus, clean background, vibrant but realistic colors, plated beautifully, minimal props, subtle garnish, hero shot, 45 degree angle, composition centered, 4:5 portrait, appetizing, lunch, air-fryer, high-protein","blurry, lowres, text, watermark, logo, people, hands, deformed, extra fingers, bad anatomy, oversaturated, messy plating"
r452,"modern, tasty, attractive food photography of Creamy Garlic Herb Tempeh Pasta Pot, tempeh, wholewheat pasta, spinach, bell pepper, peanut butter, social media ready, editorial food styling, soft natural light, shallow depth of field, crisp focus, clean background, vibrant but realistic colors, plated beautifully, minimal props, subtle garnish, hero shot, 45 degree angle, composition centered, 4:5 portrait, appetizing, dinner, vegan, high-protein","blurry, lowres, text, watermark, logo, people, hands, deformed, extra fingers, bad anatomy, oversaturated, messy plating"
r453,"modern, tasty, attractive food photography of Spicy Garlic Herb Cod Build Bowl, cod fillet, brown rice, sweet potato, spinach, cheddar cheese, social media ready, editorial food styling, soft natural light, shallow depth of field, crisp focus, clean background, vibrant but realistic colors, plated beautifully, minimal props, subtle garnish, hero shot, 45 degree angle, composition centered, 4:5 portrait, appetizing, lunch, pescatarian, high-protein","blurry, lowres, text, watermark, logo, people, hands, deformed, extra fingers, bad anatomy, oversaturated, messy plating"
r454,"modern, tasty, attractive food photography of Tangy Garlic Herb Prawns Pasta Pot, prawns, wholewheat pasta, sweet potato, bell pepper, olive oil, social media ready, editorial food styling, soft natural light, shallow depth of field, crisp focus, clean background, vibrant but realistic colors, plated beautifully, minimal props, subtle garnish, hero shot, 45 degree angle, composition centered, 4:5 portrait, appetizing, dinner, pescatarian, high-protein","blurry, lowres, text, watermark, logo, people, hands, deformed, extra fingers, bad anatomy, oversaturated, messy plating"
r455,"modern, tasty, attractive food photography of Spicy BBQ Tuna (Canned) Macro Bowl, tuna (canned), potatoes, mushroom, courgette, tahini, social media ready, editorial food styling, soft natural light, shallow depth of field, crisp focus, clean background, vibrant but realistic colors, plated beautifully, minimal props, subtle garnish, hero shot, 45 degree angle, composition centered, 4:5 portrait, appetizing, lunch, pescatarian, high-protein","blurry, lowres, text, watermark, logo, people, hands, deformed, extra fingers, bad anatomy, oversaturated, messy plating"
r456,"modern, tasty, attractive food photography of Epic Mexican Spiced Salmon Lift Pot, salmon fillet, potatoes, sweet potato, bell pepper, sesame oil, social media ready, editorial food styling, soft natural light, shallow depth of field, crisp focus, clean background, vibrant but realistic colors, plated beautifully, minimal props, subtle garnish, hero shot, 45 degree angle, composition centered, 4:5 portrait, appetizing, lunch, pescatarian, high-protein","blurry, lowres, text, watermark, logo, people, hands, deformed, extra fingers, bad anatomy, oversaturated, messy plating"
r457,"modern, tasty, attractive food photography of Sizzling Satay Eggs Macro Bowl, eggs, quinoa, bell pepper, sweet potato, peanut butter, social media ready, editorial food styling, soft natural light, shallow depth of field, crisp focus, clean background, vibrant but realistic colors, plated beautifully, minimal props, subtle garnish, hero shot, 45 degree angle, composition centered, 4:5 portrait, appetizing, lunch","blurry, lowres, text, watermark, logo, people, hands, deformed, extra fingers, bad anatomy, oversaturated, messy plating"
r458,"modern, tasty, attractive food photography of Super Lemon Pepper Beef Fuel Box, beef mince, couscous, carrot, carrot, butter, social media ready, editorial food styling, soft natural light, shallow depth of field, crisp focus, clean background, vibrant but realistic colors, plated beautifully, minimal props, subtle garnish, hero shot, 45 degree angle, composition centered, 4:5 portrait, appetizing, lunch, air-fryer, high-protein","blurry, lowres, text, watermark, logo, people, hands, deformed, extra fingers, bad anatomy, oversaturated, messy plating"
r459,"modern, tasty, attractive food photography of Blazing Honey Mustard Chicken Energy Bowl, chicken breast, brown rice, sweet potato, tomato, peanut butter, social media ready, editorial food styling, soft natural light, shallow depth of field, crisp focus, clean background, vibrant but realistic colors, plated beautifully, minimal props, subtle garnish, hero shot, 45 degree angle, composition centered, 4:5 portrait, appetizing, dinner, high-protein","blurry, lowres, text, watermark, logo, people, hands, deformed, extra fingers, bad anatomy, oversaturated, messy plating"
r460,"modern, tasty, attractive food photography of Mega Satay Cod Build Bowl, cod fillet, couscous, courgette, carrot, peanut butter, social media ready, editorial food styling, soft natural light, shallow depth of field, crisp focus, clean background, vibrant but realistic colors, plated beautifully, minimal props, subtle garnish, hero shot, 45 degree angle, composition centered, 4:5 portrait, appetizing, dinner, pescatarian, high-protein","blurry, lowres, text, watermark, logo, people, hands, deformed, extra fingers, bad anatomy, oversaturated, messy plating"
r461,"modern, tasty, attractive food photography of Tangy Sesame Ginger Eggs Build Bowl, eggs, rice, green beans, bell pepper, cheddar cheese, social media ready, editorial food styling, soft natural light, shallow depth of field, crisp focus, clean background, vibrant but realistic colors, plated beautifully, minimal props, subtle garnish, hero shot, 45 degree angle, composition centered, 4:5 portrait, appetizing, lunch","blurry, lowres, text, watermark, logo, people, hands, deformed, extra fingers, bad anatomy, oversaturated, messy plating"
r462,"modern, tasty, attractive food photography of Golden BBQ Prawns Power Bowl, prawns, couscous, mushroom, spinach, yogurt, social media ready, editorial food styling, soft natural light, shallow depth of field, crisp focus, clean background, vibrant but realistic colors, plated beautifully, minimal props, subtle garnish, hero shot, 45 degree angle, composition centered, 4:5 portrait, appetizing, dinner, pescatarian, high-protein","blurry, lowres, text, watermark, logo, people, hands, deformed, extra fingers, bad anatomy, oversaturated, messy plating"
r463,"modern, tasty, attractive food photography of Super Tikka Beef Pasta Pot, beef mince, noodles (rice), onion, broccoli, tahini, social media ready, editorial food styling, soft natural light, shallow depth of field, crisp focus, clean background, vibrant but realistic colors, plated beautifully, minimal props, subtle garnish, hero shot, 45 degree angle, composition centered, 4:5 portrait, appetizing, lunch, air-fryer, high-protein","blurry, lowres, text, watermark, logo, people, hands, deformed, extra fingers, bad anatomy, oversaturated, messy plating"
r464,"modern, tasty, attractive food photography of Spicy Beef Protein Stack, beef mince, couscous, carrot, carrot, yogurt, social media ready, editorial food styling, soft natural light, shallow depth of field, crisp focus, clean background, vibrant but realistic colors, plated beautifully, minimal props, subtle garnish, hero shot, 45 degree angle, composition centered, 4:5 portrait, appetizing, lunch, high-protein","blurry, lowres, text, watermark, logo, people, hands, deformed, extra fingers, bad anatomy, oversaturated, messy plating"
r465,"modern, tasty, attractive food photography of Smoky Beef Protein Stack, beef mince, rice, sweet potato, green beans, yogurt, social media ready, editorial food styling, soft natural light, shallow depth of field, crisp focus, clean background, vibrant but realistic colors, plated beautifully, minimal props, subtle garnish, hero shot, 45 degree angle, composition centered, 4:5 portrait, appetizing, lunch, air-fryer, high-protein","blurry, lowres, text, watermark, logo, people, hands, deformed, extra fingers, bad anatomy, oversaturated, messy plating"
r466,"modern, tasty, attractive food photography of Sizzling Mexican Spiced Prawns Power Bowl, prawns, couscous, bell pepper, green beans, yogurt, social media ready, editorial food styling, soft natural light, shallow depth of field, crisp focus, clean background, vibrant but realistic colors, plated beautifully, minimal props, subtle garnish, hero shot, 45 degree angle, composition centered, 4:5 portrait, appetizing, dinner, air-fryer, pescatarian, high-protein","blurry, lowres, text, watermark, logo, people, hands, deformed, extra fingers, bad anatomy, oversaturated, messy plating"
r467,"modern, tasty, attractive food photography of Zesty Buffalo Turkey Fuel Box, turkey mince, potatoes, tomato, broccoli, peanut butter, social media ready, editorial food styling, soft natural light, shallow depth of field, crisp focus, clean background, vibrant but realistic colors, plated beautifully, minimal props, subtle garnish, hero shot, 45 degree angle, composition centered, 4:5 portrait, appetizing, lunch, high-protein","blurry, lowres, text, watermark, logo, people, hands, deformed, extra fingers, bad anatomy, oversaturated, messy plating"
r468,"modern, tasty, attractive food photography of Mega Chipotle Prawns Pasta Pot, prawns, noodles (rice), tomato, broccoli, tahini, social media ready, editorial food styling, soft natural light, shallow depth of field, crisp focus, clean background, vibrant but realistic colors, plated beautifully, minimal props, subtle garnish, hero shot, 45 degree angle, composition centered, 4:5 portrait, appetizing, dinner, air-fryer, pescatarian, high-protein","blurry, lowres, text, watermark, logo, people, hands, deformed, extra fingers, bad anatomy, oversaturated, messy plating"
r469,"modern, tasty, attractive food photography of Smoky Lemon Pepper Tuna (Canned) Pasta Pot, tuna (canned), wholewheat pasta, carrot, tomato, olive oil, social media ready, editorial food styling, soft natural light, shallow depth of field, crisp focus, clean background, vibrant but realistic colors, plated beautifully, minimal props, subtle garnish, hero shot, 45 degree angle, composition centered, 4:5 portrait, appetizing, lunch, air-fryer, pescatarian, high-protein","blurry, lowres, text, watermark, logo, people, hands, deformed, extra fingers, bad anatomy, oversaturated, messy plating"
r470,"modern, tasty, attractive food photography of Zesty BBQ Tuna (Canned) Pasta Pot, tuna (canned), noodles (rice), broccoli, carrot, peanut butter, social media ready, editorial food styling, soft natural light, shallow depth of field, crisp focus, clean background, vibrant but realistic colors, plated beautifully, minimal props, subtle garnish, hero shot, 45 degree angle, composition centered, 4:5 portrait, appetizing, lunch, air-fryer, pescatarian, high-protein","blurry, lowres, text, watermark, logo, people, hands, deformed, extra fingers, bad anatomy, oversaturated, messy plating"
r472,"modern, tasty, attractive food photography of Spicy Korean BBQ Tofu Lift Pot, tofu, couscous, onion, carrot, olive oil, social media ready, editorial food styling, soft natural light, shallow depth of field, crisp focus, clean background, vibrant but realistic colors, plated beautifully, minimal props, subtle garnish, hero shot, 45 degree angle, composition centered, 4:5 portrait, appetizing, lunch, air-fryer, vegan, high-protein","blurry, lowres, text, watermark, logo, people, hands, deformed, extra fingers, bad anatomy, oversaturated, messy plating"
r473,"modern, tasty, attractive food photography of Epic Teriyaki Tofu Lift Pot, tofu, couscous, green beans, mushroom, yogurt, social media ready, editorial food styling, soft natural light, shallow depth of field, crisp focus, clean background, vibrant but realistic colors, plated beautifully, minimal props, subtle garnish, hero shot, 45 degree angle, composition centered, 4:5 portrait, appetizing, lunch, vegan, high-protein","blurry, lowres, text, watermark, logo, people, hands, deformed, extra fingers, bad anatomy, oversaturated, messy plating"
r474,"modern, tasty, attractive food photography of Sizzling Buffalo Tofu Lift Pot, tofu, potatoes, broccoli, green beans, cheddar cheese, social media ready, editorial food styling, soft natural light, shallow depth of field, crisp focus, clean background, vibrant but realistic colors, plated beautifully, minimal props, subtle garnish, hero shot, 45 degree angle, composition centered, 4:5 portrait, appetizing, lunch, vegan, high-protein","blurry, lowres, text, watermark, logo, people, hands, deformed, extra fingers, bad anatomy, oversaturated, messy plating"
r475,"modern, tasty, attractive food photography of Golden Cod Protein Stack, cod fillet, couscous, spinach, spinach, butter, social media ready, editorial food styling, soft natural light, shallow depth of field, crisp focus, clean background, vibrant but realistic colors, plated beautifully, minimal props, subtle garnish, hero shot, 45 degree angle, composition centered, 4:5 portrait, appetizing, lunch, pescatarian, high-protein","blurry, lowres, text, watermark, logo, people, hands, deformed, extra fingers, bad anatomy, oversaturated, messy plating"
r476,"modern, tasty, attractive food photography of Super Turkey Protein Stack, turkey mince, rice, bell pepper, courgette, tahini, social media ready, editorial food styling, soft natural light, shallow depth of field, crisp focus, clean background, vibrant but realistic colors, plated beautifully, minimal props, subtle garnish, hero shot, 45 degree angle, composition centered, 4:5 portrait, appetizing, lunch, air-fryer, high-protein","blurry, lowres, text, watermark, logo, people, hands, deformed, extra fingers, bad anatomy, oversaturated, messy plating"
r477,"modern, tasty, attractive food photography of Sticky Chicken Protein Stack, chicken breast, brown rice, carrot, bell pepper, cheddar cheese, social media ready, editorial food styling, soft natural light, shallow depth of field, crisp focus, clean background, vibrant but realistic colors, plated beautifully, minimal props, subtle garnish, hero shot, 45 degree angle, composition centered, 4:5 portrait, appetizing, lunch, high-protein","blurry, lowres, text, watermark, logo, people, hands, deformed, extra fingers, bad anatomy, oversaturated, messy plating"
r478,"modern, tasty, attractive food photography of Sticky Thai Coconut Turkey Pasta Pot, turkey mince, wholewheat pasta, sweet potato, sweet potato, cheddar cheese, social media ready, editorial food styling, soft natural light, shallow depth of field, crisp focus, clean background, vibrant but realistic colors, plated beautifully, minimal props, subtle garnish, hero shot, 45 degree angle, composition centered, 4:5 portrait, appetizing, lunch, high-protein","blurry, lowres, text, watermark, logo, people, hands, deformed, extra fingers, bad anatomy, oversaturated, messy plating"
r479,"modern, tasty, attractive food photography of Fiery Tofu Protein Stack, tofu, rice, tomato, sweet potato, yogurt, social media ready, editorial food styling, soft natural light, shallow depth of field, crisp focus, clean background, vibrant but realistic colors, plated beautifully, minimal props, subtle garnish, hero shot, 45 degree angle, composition centered, 4:5 portrait, appetizing, lunch, air-fryer, vegan, high-protein","blurry, lowres, text, watermark, logo, people, hands, deformed, extra fingers, bad anatomy, oversaturated, messy plating"
r480,"modern, tasty, attractive food photography of Smoky Eggs Protein Stack, eggs, quinoa, bell pepper, tomato, olive oil, social media ready, editorial food styling, soft natural light, shallow depth of field, crisp focus, clean background, vibrant but realistic colors, plated beautifully, minimal props, subtle garnish, hero shot, 45 degree angle, composition centered, 4:5 portrait, appetizing, lunch","blurry, lowres, text, watermark, logo, people, hands, deformed, extra fingers, bad anatomy, oversaturated, messy plating"
r481,"modern, tasty, attractive food photography of Spicy Peri-Peri Chicken Fuel Box, chicken breast, quinoa, broccoli, mushroom, sesame oil, social media ready, editorial food styling, soft natural light, shallow depth of field, crisp focus, clean background, vibrant but realistic colors, plated beautifully, minimal props, subtle garnish, hero shot, 45 degree angle, composition centered, 4:5 portrait, appetizing, lunch, high-protein","blurry, lowres, text, watermark, logo, people, hands, deformed, extra fingers, bad anatomy, oversaturated, messy plating"
r482,"modern, tasty, attractive food photography of Mega Chipotle Tempeh Energy Bowl, tempeh, couscous, bell pepper, spinach, yogurt, social media ready, editorial food styling, soft natural light, shallow depth of field, crisp focus, clean background, vibrant but realistic colors, plated beautifully, minimal props, subtle garnish, hero shot, 45 degree angle, composition centered, 4:5 portrait, appetizing, dinner, vegan, high-protein","blurry, lowres, text, watermark, logo, people, hands, deformed, extra fingers, bad anatomy, oversaturated, messy plating"
r483,"modern, tasty, attractive food photography of Fiery Thai Coconut Cod Macro Bowl, cod fillet, brown rice, bell pepper, green beans, olive oil, social media ready, editorial food styling, soft natural light, shallow depth of field, crisp focus, clean background, vibrant but realistic colors, plated beautifully, minimal props, subtle garnish, hero shot, 45 degree angle, composition centered, 4:5 portrait, appetizing, lunch, air-fryer, pescatarian, high-protein","blurry, lowres, text, watermark, logo, people, hands, deformed, extra fingers, bad anatomy, oversaturated, messy plating"
r484,"modern, tasty, attractive food photography of Smoky Sesame Ginger Chicken Protein Pot, chicken breast, brown rice, tomato, bell pepper, yogurt, social media ready, editorial food styling, soft natural light, shallow depth of field, crisp focus, clean background, vibrant but realistic colors, plated beautifully, minimal props, subtle garnish, hero shot, 45 degree angle, composition centered, 4:5 portrait, appetizing, dinner, high-protein","blurry, lowres, text, watermark, logo, people, hands, deformed, extra fingers, bad anatomy, oversaturated, messy plating"
r485,"modern, tasty, attractive food photography of Power Chicken Protein Stack, chicken breast, potatoes, sweet potato, bell pepper, tahini, social media ready, editorial food styling, soft natural light, shallow depth of field, crisp focus, clean background, vibrant but realistic colors, plated beautifully, minimal props, subtle garnish, hero shot, 45 degree angle, composition centered, 4:5 portrait, appetizing, lunch, high-protein","blurry, lowres, text, watermark, logo, people, hands, deformed, extra fingers, bad anatomy, oversaturated, messy plating"
r486,"modern, tasty, attractive food photography of Sticky Honey Mustard Chicken Build Bowl, chicken breast, brown rice, mushroom, spinach, yogurt, social media ready, editorial food styling, soft natural light, shallow depth of field, crisp focus, clean background, vibrant but realistic colors, plated beautifully, minimal props, subtle garnish, hero shot, 45 degree angle, composition centered, 4:5 portrait, appetizing, lunch, air-fryer, high-protein","blurry, lowres, text, watermark, logo, people, hands, deformed, extra fingers, bad anatomy, oversaturated, messy plating"
r487,"modern, tasty, attractive food photography of Tangy Beef Protein Stack, beef mince, rice, carrot, spinach, olive oil, social media ready, editorial food styling, soft natural light, shallow depth of field, crisp focus, clean background, vibrant but realistic colors, plated beautifully, minimal props, subtle garnish, hero shot, 45 degree angle, composition centered, 4:5 portrait, appetizing, lunch, high-protein","blurry, lowres, text, watermark, logo, people, hands, deformed, extra fingers, bad anatomy, oversaturated, messy plating"
r488,"modern, tasty, attractive food photography of Golden Sesame Ginger Tempeh Pasta Pot, tempeh, noodles (rice), bell pepper, bell pepper, peanut butter, social media ready, editorial food styling, soft natural light, shallow depth of field, crisp focus, clean background, vibrant but realistic colors, plated beautifully, minimal props, subtle garnish, hero shot, 45 degree angle, composition centered, 4:5 portrait, appetizing, lunch, vegan, high-protein","blurry, lowres, text, watermark, logo, people, hands, deformed, extra fingers, bad anatomy, oversaturated, messy plating"
r489,"modern, tasty, attractive food photography of Supreme Mediterranean Tofu Lift Pot, tofu, brown rice, green beans, courgette, cheddar cheese, social media ready, editorial food styling, soft natural light, shallow depth of field, crisp focus, clean background, vibrant but realistic colors, plated beautifully, minimal props, subtle garnish, hero shot, 45 degree angle, composition centered, 4:5 portrait, appetizing, dinner, air-fryer, vegan, high-protein","blurry, lowres, text, watermark, logo, people, hands, deformed, extra fingers, bad anatomy, oversaturated, messy plating"
r490,"modern, tasty, attractive food photography of Zesty Korean BBQ Tofu Pasta Pot, tofu, wholewheat pasta, onion, spinach, olive oil, social media ready, editorial food styling, soft natural light, shallow depth of field, crisp focus, clean background, vibrant but realistic colors, plated beautifully, minimal props, subtle garnish, hero shot, 45 degree angle, composition centered, 4:5 portrait, appetizing, lunch, air-fryer, vegan, high-protein","blurry, lowres, text, watermark, logo, people, hands, deformed, extra fingers, bad anatomy, oversaturated, messy plating"
r493,"modern, tasty, attractive food photography of Golden Harissa Chicken Build Bowl, chicken breast, quinoa, green beans, carrot, cheddar cheese, social media ready, editorial food styling, soft natural light, shallow depth of field, crisp focus, clean background, vibrant but realistic colors, plated beautifully, minimal props, subtle garnish, hero shot, 45 degree angle, composition centered, 4:5 portrait, appetizing, lunch, high-protein","blurry, lowres, text, watermark, logo, people, hands, deformed, extra fingers, bad anatomy, oversaturated, messy plating"
r494,"modern, tasty, attractive food photography of Crispy Salmon Protein Stack, salmon fillet, quinoa, sweet potato, onion, tahini, social media ready, editorial food styling, soft natural light, shallow depth of field, crisp focus, clean background, vibrant but realistic colors, plated beautifully, minimal props, subtle garnish, hero shot, 45 degree angle, composition centered, 4:5 portrait, appetizing, lunch, air-fryer, pescatarian, high-protein","blurry, lowres, text, watermark, logo, people, hands, deformed, extra fingers, bad anatomy, oversaturated, messy plating"
r495,"modern, tasty, attractive food photography of Blazing Harissa Cod Pasta Pot, cod fillet, noodles (rice), broccoli, broccoli, sesame oil, social media ready, editorial food styling, soft natural light, shallow depth of field, crisp focus, clean background, vibrant but realistic colors, plated beautifully, minimal props, subtle garnish, hero shot, 45 degree angle, composition centered, 4:5 portrait, appetizing, lunch, air-fryer, pescatarian, high-protein","blurry, lowres, text, watermark, logo, people, hands, deformed, extra fingers, bad anatomy, oversaturated, messy plating"
r497,"modern, tasty, attractive food photography of Loaded Tikka Salmon Pasta Pot, salmon fillet, noodles (rice), mushroom, bell pepper, peanut butter, social media ready, editorial food styling, soft natural light, shallow depth of field, crisp focus, clean background, vibrant but realistic colors, plated beautifully, minimal props, subtle garnish, hero shot, 45 degree angle, composition centered, 4:5 portrait, appetizing, lunch, pescatarian, high-protein","blurry, lowres, text, watermark, logo, people, hands, deformed, extra fingers, bad anatomy, oversaturated, messy plating"
r498,"modern, tasty, attractive food photography of Supreme Korean BBQ Beef Fuel Box, beef mince, quinoa, spinach, tomato, butter, social media ready, editorial food styling, soft natural light, shallow depth of field, crisp focus, clean background, vibrant but realistic colors, plated beautifully, minimal props, subtle garnish, hero shot, 45 degree angle, composition centered, 4:5 portrait, appetizing, lunch, air-fryer, high-protein","blurry, lowres, text, watermark, logo, people, hands, deformed, extra fingers, bad anatomy, oversaturated, messy plating"
r499,"modern, tasty, attractive food photography of Spicy Turkey Protein Stack, turkey mince, couscous, onion, spinach, peanut butter, social media ready, editorial food styling, soft natural light, shallow depth of field, crisp focus, clean background, vibrant but realistic colors, plated beautifully, minimal props, subtle garnish, hero shot, 45 degree angle, composition centered, 4:5 portrait, appetizing, lunch, high-protein","blurry, lowres, text, watermark, logo, people, hands, deformed, extra fingers, bad anatomy, oversaturated, messy plating"
r500,"modern, tasty, attractive food photography of Supreme Korean BBQ Eggs Build Bowl, eggs, quinoa, sweet potato, tomato, tahini, social media ready, editorial food styling, soft natural light, shallow depth of field, crisp focus, clean background, vibrant but realistic colors, plated beautifully, minimal props, subtle garnish, hero shot, 45 degree angle, composition centered, 4:5 portrait, appetizing, lunch","blurry, lowres, text, watermark, logo, people, hands, deformed, extra fingers, bad anatomy, oversaturated, messy plating"
r502,"modern, tasty, attractive food photography of Sizzling Indian Spiced Turkey Lift Pot, turkey mince, quinoa, green beans, mushroom, sesame oil, social media ready, editorial food styling, soft natural light, shallow depth of field, crisp focus, clean background, vibrant but realistic colors, plated beautifully, minimal props, subtle garnish, hero shot, 45 degree angle, composition centered, 4:5 portrait, appetizing, dinner, high-protein","blurry, lowres, text, watermark, logo, people, hands, deformed, extra fingers, bad anatomy, oversaturated, messy plating"
r503,"modern, tasty, attractive food photography of Zesty Garlic Herb Cod Macro Bowl, cod fillet, couscous, carrot, sweet potato, cheddar cheese, social media ready, editorial food styling, soft natural light, shallow depth of field, crisp focus, clean background, vibrant but realistic colors, plated beautifully, minimal props, subtle garnish, hero shot, 45 degree angle, composition centered, 4:5 portrait, appetizing, lunch, air-fryer, pescatarian, high-protein","blurry, lowres, text, watermark, logo, people, hands, deformed, extra fingers, bad anatomy, oversaturated, messy plating"
r504,"modern, tasty, attractive food photography of Ultimate Garlic Herb Chicken Lift Pot, chicken breast, rice, courgette, broccoli, yogurt, social media ready, editorial food styling, soft natural light, shallow depth of field, crisp focus, clean background, vibrant but realistic colors, plated beautifully, minimal props, subtle garnish, hero shot, 45 degree angle, composition centered, 4:5 portrait, appetizing, dinner, high-protein","blurry, lowres, text, watermark, logo, people, hands, deformed, extra fingers, bad anatomy, oversaturated, messy plating"
r505,"modern, tasty, attractive food photography of Blazing BBQ Chicken Fuel Box, chicken breast, brown rice, broccoli, mushroom, yogurt, social media ready, editorial food styling, soft natural light, shallow depth of field, crisp focus, clean background, vibrant but realistic colors, plated beautifully, minimal props, subtle garnish, hero shot, 45 degree angle, composition centered, 4:5 portrait, appetizing, lunch, high-protein","blurry, lowres, text, watermark, logo, people, hands, deformed, extra fingers, bad anatomy, oversaturated, messy plating"
r506,"modern, tasty, attractive food photography of Tangy Korean BBQ Turkey Pasta Pot, turkey mince, noodles (rice), onion, spinach, olive oil, social media ready, editorial food styling, soft natural light, shallow depth of field, crisp focus, clean background, vibrant but realistic colors, plated beautifully, minimal props, subtle garnish, hero shot, 45 degree angle, composition centered, 4:5 portrait, appetizing, dinner, high-protein","blurry, lowres, text, watermark, logo, people, hands, deformed, extra fingers, bad anatomy, oversaturated, messy plating"
r507,"modern, tasty, attractive food photography of Mega Tikka Salmon Pasta Pot, salmon fillet, wholewheat pasta, mushroom, broccoli, butter, social media ready, editorial food styling, soft natural light, shallow depth of field, crisp focus, clean background, vibrant but realistic colors, plated beautifully, minimal props, subtle garnish, hero shot, 45 degree angle, composition centered, 4:5 portrait, appetizing, dinner, air-fryer, pescatarian, high-protein","blurry, lowres, text, watermark, logo, people, hands, deformed, extra fingers, bad anatomy, oversaturated, messy plating"
r508,"modern, tasty, attractive food photography of Fiery Tempeh Protein Stack, tempeh, brown rice, tomato, carrot, cheddar cheese, social media ready, editorial food styling, soft natural light, shallow depth of field, crisp focus, clean background, vibrant but realistic colors, plated beautifully, minimal props, subtle garnish, hero shot, 45 degree angle, composition centered, 4:5 portrait, appetizing, lunch, vegan, high-protein","blurry, lowres, text, watermark, logo, people, hands, deformed, extra fingers, bad anatomy, oversaturated, messy plating"
r509,"modern, tasty, attractive food photography of Epic BBQ Beef Prep Box, beef mince, rice, onion, bell pepper, yogurt, social media ready, editorial food styling, soft natural light, shallow depth of field, crisp focus, clean background, vibrant but realistic colors, plated beautifully, minimal props, subtle garnish, hero shot, 45 degree angle, composition centered, 4:5 portrait, appetizing, lunch, air-fryer, high-protein","blurry, lowres, text, watermark, logo, people, hands, deformed, extra fingers, bad anatomy, oversaturated, messy plating"
r510,"modern, tasty, attractive food photography of Ultimate Tikka Eggs Energy Bowl, eggs, couscous, mushroom, broccoli, sesame oil, social media ready, editorial food styling, soft natural light, shallow depth of field, crisp focus, clean background, vibrant but realistic colors, plated beautifully, minimal props, subtle garnish, hero shot, 45 degree angle, composition centered, 4:5 portrait, appetizing, lunch","blurry, lowres, text, watermark, logo, people, hands, deformed, extra fingers, bad anatomy, oversaturated, messy plating"
r511,"modern, tasty, attractive food photography of Sticky Lemon Pepper Tofu Protein Pot, tofu, brown rice, courgette, carrot, cheddar cheese, social media ready, editorial food styling, soft natural light, shallow depth of field, crisp focus, clean background, vibrant but realistic colors, plated beautifully, minimal props, subtle garnish, hero shot, 45 degree angle, composition centered, 4:5 portrait, appetizing, lunch, vegan, high-protein","blurry, lowres, text, watermark, logo, people, hands, deformed, extra fingers, bad anatomy, oversaturated, messy plating"
r512,"modern, tasty, attractive food photography of Golden Peri-Peri Beef Fuel Box, beef mince, quinoa, courgette, broccoli, butter, social media ready, editorial food styling, soft natural light, shallow depth of field, crisp focus, clean background, vibrant but realistic colors, plated beautifully, minimal props, subtle garnish, hero shot, 45 degree angle, composition centered, 4:5 portrait, appetizing, lunch, high-protein","blurry, lowres, text, watermark, logo, people, hands, deformed, extra fingers, bad anatomy, oversaturated, messy plating"
r513,"modern, tasty, attractive food photography of Crispy Harissa Cod Fuel Box, cod fillet, quinoa, onion, spinach, olive oil, social media ready, editorial food styling, soft natural light, shallow depth of field, crisp focus, clean background, vibrant but realistic colors, plated beautifully, minimal props, subtle garnish, hero shot, 45 degree angle, composition centered, 4:5 portrait, appetizing, dinner, air-fryer, pescatarian, high-protein","blurry, lowres, text, watermark, logo, people, hands, deformed, extra fingers, bad anatomy, oversaturated, messy plating"
r514,"modern, tasty, attractive food photography of Creamy Cajun Beef Lift Pot, beef mince, brown rice, courgette, onion, yogurt, social media ready, editorial food styling, soft natural light, shallow depth of field, crisp focus, clean background, vibrant but realistic colors, plated beautifully, minimal props, subtle garnish, hero shot, 45 degree angle, composition centered, 4:5 portrait, appetizing, lunch, air-fryer, high-protein","blurry, lowres, text, watermark, logo, people, hands, deformed, extra fingers, bad anatomy, oversaturated, messy plating"
r515,"modern, tasty, attractive food photography of Ultimate Indian Spiced Tempeh Energy Bowl, tempeh, couscous, onion, green beans, butter, social media ready, editorial food styling, soft natural light, shallow depth of field, crisp focus, clean background, vibrant but realistic colors, plated beautifully, minimal props, subtle garnish, hero shot, 45 degree angle, composition centered, 4:5 portrait, appetizing, lunch, vegan, high-protein","blurry, lowres, text, watermark, logo, people, hands, deformed, extra fingers, bad anatomy, oversaturated, messy plating"
r517,"modern, tasty, attractive food photography of Supreme Honey Mustard Tempeh Pasta Pot, tempeh, wholewheat pasta, carrot, carrot, sesame oil, social media ready, editorial food styling, soft natural light, shallow depth of field, crisp focus, clean background, vibrant but realistic colors, plated beautifully, minimal props, subtle garnish, hero shot, 45 degree angle, composition centered, 4:5 portrait, appetizing, lunch, air-fryer, vegan, high-protein","blurry, lowres, text, watermark, logo, people, hands, deformed, extra fingers, bad anatomy, oversaturated, messy plating"
r518,"modern, tasty, attractive food photography of Golden Garlic Herb Turkey Prep Box, turkey mince, couscous, sweet potato, carrot, peanut butter, social media ready, editorial food styling, soft natural light, shallow depth of field, crisp focus, clean background, vibrant but realistic colors, plated beautifully, minimal props, subtle garnish, hero shot, 45 degree angle, composition centered, 4:5 portrait, appetizing, lunch, high-protein","blurry, lowres, text, watermark, logo, people, hands, deformed, extra fingers, bad anatomy, oversaturated, messy plating"
r519,"modern, tasty, attractive food photography of Zesty Cajun Prawns Pasta Pot, prawns, wholewheat pasta, tomato, green beans, sesame oil, social media ready, editorial food styling, soft natural light, shallow depth of field, crisp focus, clean background, vibrant but realistic colors, plated beautifully, minimal props, subtle garnish, hero shot, 45 degree angle, composition centered, 4:5 portrait, appetizing, lunch, air-fryer, pescatarian, high-protein","blurry, lowres, text, watermark, logo, people, hands, deformed, extra fingers, bad anatomy, oversaturated, messy plating"
r520,"modern, tasty, attractive food photography of Blazing Tofu Protein Stack, tofu, couscous, carrot, bell pepper, sesame oil, social media ready, editorial food styling, soft natural light, shallow depth of field, crisp focus, clean background, vibrant but realistic colors, plated beautifully, minimal props, subtle garnish, hero shot, 45 degree angle, composition centered, 4:5 portrait, appetizing, lunch, vegan, high-protein","blurry, lowres, text, watermark, logo, people, hands, deformed, extra fingers, bad anatomy, oversaturated, messy plating"
r1000,"modern, tasty, attractive food photography of Mexican Chicken Breast Power Flatbread, chicken breast, flatbread, yoghurt, bell pepper, red onion, social media ready, editorial food styling, soft natural light, shallow depth of field, crisp focus, clean background, vibrant but realistic colors, plated beautifully, minimal props, subtle garnish, hero shot, 45 degree angle, composition centered, 4:5 portrait, appetizing, lunch, dinner, flatbread, high-protein","blurry, lowres, text, watermark, logo, people, hands, deformed, extra fingers, bad anatomy, oversaturated, messy plating"
r1001,"modern, tasty, attractive food photography of Korean BBQ Tofu Power Flatbread, tofu, flatbread, yoghurt, bell pepper, red onion, social media ready, editorial food styling, soft natural light, shallow depth of field, crisp focus, clean background, vibrant but realistic colors, plated beautifully, minimal props, subtle garnish, hero shot, 45 degree angle, composition centered, 4:5 portrait, appetizing, lunch, dinner, flatbread, high-protein, vegan, vegetarian","blurry, lowres, text, watermark, logo, people, hands, deformed, extra fingers, bad anatomy, oversaturated, messy plating"
r1002,"modern, tasty, attractive food photography of Harissa Halloumi Power Flatbread, halloumi, flatbread, yoghurt, bell pepper, red onion, social media ready, editorial food styling, soft natural light, shallow depth of field, crisp focus, clean background, vibrant but realistic colors, plated beautifully, minimal props, subtle garnish, hero shot, 45 degree angle, composition centered, 4:5 portrait, appetizing, lunch, dinner, flatbread, high-protein, vegetarian","blurry, lowres, text, watermark, logo, people, hands, deformed, extra fingers, bad anatomy, oversaturated, messy plating"
r1003,"modern, tasty, attractive food photography of Tandoori Prawns Power Flatbread, prawns, flatbread, yoghurt, bell pepper, red onion, social media ready, editorial food styling, soft natural light, shallow depth of field, crisp focus, clean background, vibrant but realistic colors, plated beautifully, minimal props, subtle garnish, hero shot, 45 degree angle, composition centered, 4:5 portrait, appetizing, lunch, dinner, flatbread, high-protein","blurry, lowres, text, watermark, logo, people, hands, deformed, extra fingers, bad anatomy, oversaturated, messy plating"
r1004,"modern, tasty, attractive food photography of Thai Tofu Power Flatbread, tofu, flatbread, yoghurt, bell pepper, red onion, social media ready, editorial food styling, soft natural light, shallow depth of field, crisp focus, clean background, vibrant but realistic colors, plated beautifully, minimal props, subtle garnish, hero shot, 45 degree angle, composition centered, 4:5 portrait, appetizing, lunch, dinner, flatbread, high-protein, vegan, vegetarian","blurry, lowres, text, watermark, logo, people, hands, deformed, extra fingers, bad anatomy, oversaturated, messy plating"
r1005,"modern, tasty, attractive food photography of Mexican Salmon Fillet Power Flatbread, salmon fillet, flatbread, yoghurt, bell pepper, red onion, social media ready, editorial food styling, soft natural light, shallow depth of field, crisp focus, clean background, vibrant but realistic colors, plated beautifully, minimal props, subtle garnish, hero shot, 45 degree angle, composition centered, 4:5 portrait, appetizing, lunch, dinner, flatbread, high-protein","blurry, lowres, text, watermark, logo, people, hands, deformed, extra fingers, bad anatomy, oversaturated, messy plating"
r1006,"modern, tasty, attractive food photography of Peri-Peri Tofu Power Flatbread, tofu, flatbread, yoghurt, bell pepper, red onion, social media ready, editorial food styling, soft natural light, shallow depth of field, crisp focus, clean background, vibrant but realistic colors, plated beautifully, minimal props, subtle garnish, hero shot, 45 degree angle, composition centered, 4:5 portrait, appetizing, lunch, dinner, flatbread, high-protein, vegan, vegetarian","blurry, lowres, text, watermark, logo, people, hands, deformed, extra fingers, bad anatomy, oversaturated, messy plating"
r1007,"modern, tasty, attractive food photography of Tandoori Chicken Breast Power Flatbread, chicken breast, flatbread, yoghurt, bell pepper, red onion, social media ready, editorial food styling, soft natural light, shallow depth of field, crisp focus, clean background, vibrant but realistic colors, plated beautifully, minimal props, subtle garnish, hero shot, 45 degree angle, composition centered, 4:5 portrait, appetizing, lunch, dinner, flatbread, high-protein","blurry, lowres, text, watermark, logo, people, hands, deformed, extra fingers, bad anatomy, oversaturated, messy plating"
r1008,"modern, tasty, attractive food photography of Peri-Peri Salmon Fillet Power Flatbread, salmon fillet, flatbread, yoghurt, bell pepper, red onion, social media ready, editorial food styling, soft natural light, shallow depth of field, crisp focus, clean background, vibrant but realistic colors, plated beautifully, minimal props, subtle garnish, hero shot, 45 degree angle, composition centered, 4:5 portrait, appetizing, lunch, dinner, flatbread, high-protein","blurry, lowres, text, watermark, logo, people, hands, deformed, extra fingers, bad anatomy, oversaturated, messy plating"
r1009,"modern, tasty, attractive food photography of Thai Lamb Mince Power Flatbread, lamb mince, flatbread, yoghurt, bell pepper, red onion, social media ready, editorial food styling, soft natural light, shallow depth of field, crisp focus, clean background, vibrant but realistic colors, plated beautifully, minimal props, subtle garnish, hero shot, 45 degree angle, composition centered, 4:5 portrait, appetizing, lunch, dinner, flatbread, high-protein","blurry, lowres, text, watermark, logo, people, hands, deformed, extra fingers, bad anatomy, oversaturated, messy plating"
r1010,"modern, tasty, attractive food photography of Mediterranean Halloumi Power Flatbread, halloumi, flatbread, yoghurt, bell pepper, red onion, social media ready, editorial food styling, soft natural light, shallow depth of field, crisp focus, clean background, vibrant but realistic colors, plated beautifully, minimal props, subtle garnish, hero shot, 45 degree angle, composition centered, 4:5 portrait, appetizing, lunch, dinner, flatbread, high-protein, vegetarian","blurry, lowres, text, watermark, logo, people, hands, deformed, extra fingers, bad anatomy, oversaturated, messy plating"
r1012,"modern, tasty, attractive food photography of Harissa Salmon Fillet Power Flatbread, salmon fillet, flatbread, yoghurt, bell pepper, red onion, social media ready, editorial food styling, soft natural light, shallow depth of field, crisp focus, clean background, vibrant but realistic colors, plated beautifully, minimal props, subtle garnish, hero shot, 45 degree angle, composition centered, 4:5 portrait, appetizing, lunch, dinner, flatbread, high-protein","blurry, lowres, text, watermark, logo, people, hands, deformed, extra fingers, bad anatomy, oversaturated, messy plating"
r1013,"modern, tasty, attractive food photography of Thai Salmon Fillet Power Flatbread, salmon fillet, flatbread, yoghurt, bell pepper, red onion, social media ready, editorial food styling, soft natural light, shallow depth of field, crisp focus, clean background, vibrant but realistic colors, plated beautifully, minimal props, subtle garnish, hero shot, 45 degree angle, composition centered, 4:5 portrait, appetizing, lunch, dinner, flatbread, high-protein","blurry, lowres, text, watermark, logo, people, hands, deformed, extra fingers, bad anatomy, oversaturated, messy plating"
r1015,"modern, tasty, attractive food photography of Harissa Lamb Mince Power Flatbread, lamb mince, flatbread, yoghurt, bell pepper, red onion, social media ready, editorial food styling, soft natural light, shallow depth of field, crisp focus, clean background, vibrant but realistic colors, plated beautifully, minimal props, subtle garnish, hero shot, 45 degree angle, composition centered, 4:5 portrait, appetizing, lunch, dinner, flatbread, high-protein","blurry, lowres, text, watermark, logo, people, hands, deformed, extra fingers, bad anatomy, oversaturated, messy plating"
r1018,"modern, tasty, attractive food photography of Thai Halloumi Power Flatbread, halloumi, flatbread, yoghurt, bell pepper, red onion, social media ready, editorial food styling, soft natural light, shallow depth of field, crisp focus, clean background, vibrant but realistic colors, plated beautifully, minimal props, subtle garnish, hero shot, 45 degree angle, composition centered, 4:5 portrait, appetizing, lunch, dinner, flatbread, high-protein, vegetarian","blurry, lowres, text, watermark, logo, people, hands, deformed, extra fingers, bad anatomy, oversaturated, messy plating"
r1019,"modern, tasty, attractive food photography of Korean BBQ Halloumi Power Flatbread, halloumi, flatbread, yoghurt, bell pepper, red onion, social media ready, editorial food styling, soft natural light, shallow depth of field, crisp focus, clean background, vibrant but realistic colors, plated beautifully, minimal props, subtle garnish, hero shot, 45 degree angle, composition centered, 4:5 portrait, appetizing, lunch, dinner, flatbread, high-protein, vegetarian","blurry, lowres, text, watermark, logo, people, hands, deformed, extra fingers, bad anatomy, oversaturated, messy plating"
r1020,"modern, tasty, attractive food photography of Tandoori Lamb Mince Power Flatbread, lamb mince, flatbread, yoghurt, bell pepper, red onion, social media ready, editorial food styling, soft natural light, shallow depth of field, crisp focus, clean background, vibrant but realistic colors, plated beautifully, minimal props, subtle garnish, hero shot, 45 degree angle, composition centered, 4:5 portrait, appetizing, lunch, dinner, flatbread, high-protein","blurry, lowres, text, watermark, logo, people, hands, deformed, extra fingers, bad anatomy, oversaturated, messy plating"
r1021,"modern, tasty, attractive food photography of Mediterranean Chicken Breast Power Flatbread, chicken breast, flatbread, yoghurt, bell pepper, red onion, social media ready, editorial food styling, soft natural light, shallow depth of field, crisp focus, clean background, vibrant but realistic colors, plated beautifully, minimal props, subtle garnish, hero shot, 45 degree angle, composition centered, 4:5 portrait, appetizing, lunch, dinner, flatbread, high-protein","blurry, lowres, text, watermark, logo, people, hands, deformed, extra fingers, bad anatomy, oversaturated, messy plating"
r1023,"modern, tasty, attractive food photography of Mexican Prawns Power Flatbread, prawns, flatbread, yoghurt, bell pepper, red onion, social media ready, editorial food styling, soft natural light, shallow depth of field, crisp focus, clean background, vibrant but realistic colors, plated beautifully, minimal props, subtle garnish, hero shot, 45 degree angle, composition centered, 4:5 portrait, appetizing, lunch, dinner, flatbread, high-protein","blurry, lowres, text, watermark, logo, people, hands, deformed, extra fingers, bad anatomy, oversaturated, messy plating"
r1024,"modern, tasty, attractive food photography of Mediterranean Tofu Power Flatbread, tofu, flatbread, yoghurt, bell pepper, red onion, social media ready, editorial food styling, soft natural light, shallow depth of field, crisp focus, clean background, vibrant but realistic colors, plated beautifully, minimal props, subtle garnish, hero shot, 45 degree angle, composition centered, 4:5 portrait, appetizing, lunch, dinner, flatbread, high-protein, vegan, vegetarian","blurry, lowres, text, watermark, logo, people, hands, deformed, extra fingers, bad anatomy, oversaturated, messy plating"
r1025,"modern, tasty, attractive food photography of Tandoori Salmon Fillet Power Flatbread, salmon fillet, flatbread, yoghurt, bell pepper, red onion, social media ready, editorial food styling, soft natural light, shallow depth of field, crisp focus, clean background, vibrant but realistic colors, plated beautifully, minimal props, subtle garnish, hero shot, 45 degree angle, composition centered, 4:5 portrait, appetizing, lunch, dinner, flatbread, high-protein","blurry, lowres, text, watermark, logo, people, hands, deformed, extra fingers, bad anatomy, oversaturated, messy plating"
r1026,"modern, tasty, attractive food photography of Korean BBQ Lamb Mince Power Flatbread, lamb mince, flatbread, yoghurt, bell pepper, red onion, social media ready, editorial food styling, soft natural light, shallow depth of field, crisp focus, clean background, vibrant but realistic colors, plated beautifully, minimal props, subtle garnish, hero shot, 45 degree angle, composition centered, 4:5 portrait, appetizing, lunch, dinner, flatbread, high-protein","blurry, lowres, text, watermark, logo, people, hands, deformed, extra fingers, bad anatomy, oversaturated, messy plating"
r1027,"modern, tasty, attractive food photography of Tandoori Tofu Power Flatbread, tofu, flatbread, yoghurt, bell pepper, red onion, social media ready, editorial food styling, soft natural light, shallow depth of field, crisp focus, clean background, vibrant but realistic colors, plated beautifully, minimal props, subtle garnish, hero shot, 45 degree angle, composition centered, 4:5 portrait, appetizing, lunch, dinner, flatbread, high-protein, vegan, vegetarian","blurry, lowres, text, watermark, logo, people, hands, deformed, extra fingers, bad anatomy, oversaturated, messy plating"
r1028,"modern, tasty, attractive food photography of Mexican Lamb Mince Power Flatbread, lamb mince, flatbread, yoghurt, bell pepper, red onion, social media ready, editorial food styling, soft natural light, shallow depth of field, crisp focus, clean background, vibrant but realistic colors, plated beautifully, minimal props, subtle garnish, hero shot, 45 degree angle, composition centered, 4:5 portrait, appetizing, lunch, dinner, flatbread, high-protein","blurry, lowres, text, watermark, logo, people, hands, deformed, extra fingers, bad anatomy, oversaturated, messy plating"
r1029,"modern, tasty, attractive food photography of Korean BBQ Salmon Fillet Power Flatbread, salmon fillet, flatbread, yoghurt, bell pepper, red onion, social media ready, editorial food styling, soft natural light, shallow depth of field, crisp focus, clean background, vibrant but realistic colors, plated beautifully, minimal props, subtle garnish, hero shot, 45 degree angle, composition centered, 4:5 portrait, appetizing, lunch, dinner, flatbread, high-protein","blurry, lowres, text, watermark, logo, people, hands, deformed, extra fingers, bad anatomy, oversaturated, messy plating"
r1030,"modern, tasty, attractive food photography of Peri-Peri Halloumi Power Flatbread, halloumi, flatbread, yoghurt, bell pepper, red onion, social media ready, editorial food styling, soft natural light, shallow depth of field, crisp focus, clean background, vibrant but realistic colors, plated beautifully, minimal props, subtle garnish, hero shot, 45 degree angle, composition centered, 4:5 portrait, appetizing, lunch, dinner, flatbread, high-protein, vegetarian","blurry, lowres, text, watermark, logo, people, hands, deformed, extra fingers, bad anatomy, oversaturated, messy plating"
r1032,"modern, tasty, attractive food photography of Tandoori Beef Mince Power Flatbread, beef mince, flatbread, yoghurt, bell pepper, red onion, social media ready, editorial food styling, soft natural light, shallow depth of field, crisp focus, clean background, vibrant but realistic colors, plated beautifully, minimal props, subtle garnish, hero shot, 45 degree angle, composition centered, 4:5 portrait, appetizing, lunch, dinner, flatbread, high-protein","blurry, lowres, text, watermark, logo, people, hands, deformed, extra fingers, bad anatomy, oversaturated, messy plating"
r1037,"modern, tasty, attractive food photography of Peri-Peri Beef Mince Power Flatbread, beef mince, flatbread, yoghurt, bell pepper, red onion, social media ready, editorial food styling, soft natural light, shallow depth of field, crisp focus, clean background, vibrant but realistic colors, plated beautifully, minimal props, subtle garnish, hero shot, 45 degree angle, composition centered, 4:5 portrait, appetizing, lunch, dinner, flatbread, high-protein","blurry, lowres, text, watermark, logo, people, hands, deformed, extra fingers, bad anatomy, oversaturated, messy plating"
r1038,"modern, tasty, attractive food photography of Tandoori Halloumi Power Flatbread, halloumi, flatbread, yoghurt, bell pepper, red onion, social media ready, editorial food styling, soft natural light, shallow depth of field, crisp focus, clean background, vibrant but realistic colors, plated beautifully, minimal props, subtle garnish, hero shot, 45 degree angle, composition centered, 4:5 portrait, appetizing, lunch, dinner, flatbread, high-protein, vegetarian","blurry, lowres, text, watermark, logo, people, hands, deformed, extra fingers, bad anatomy, oversaturated, messy plating"
r1044,"modern, tasty, attractive food photography of Mexican Tofu Power Flatbread, tofu, flatbread, yoghurt, bell pepper, red onion, social media ready, editorial food styling, soft natural light, shallow depth of field, crisp focus, clean background, vibrant but realistic colors, plated beautifully, minimal props, subtle garnish, hero shot, 45 degree angle, composition centered, 4:5 portrait, appetizing, lunch, dinner, flatbread, high-protein, vegan, vegetarian","blurry, lowres, text, watermark, logo, people, hands, deformed, extra fingers, bad anatomy, oversaturated, messy plating"
r1045,"modern, tasty, attractive food photography of Peri-Peri Lamb Mince Power Flatbread, lamb mince, flatbread, yoghurt, bell pepper, red onion, social media ready, editorial food styling, soft natural light, shallow depth of field, crisp focus, clean background, vibrant but realistic colors, plated beautifully, minimal props, subtle garnish, hero shot, 45 degree angle, composition centered, 4:5 portrait, appetizing, lunch, dinner, flatbread, high-protein","blurry, lowres, text, watermark, logo, people, hands, deformed, extra fingers, bad anatomy, oversaturated, messy plating"
r1046,"modern, tasty, attractive food photography of Korean BBQ Beef Mince Power Flatbread, beef mince, flatbread, yoghurt, bell pepper, red onion, social media ready, editorial food styling, soft natural light, shallow depth of field, crisp focus, clean background, vibrant but realistic colors, plated beautifully, minimal props, subtle garnish, hero shot, 45 degree angle, composition centered, 4:5 portrait, appetizing, lunch, dinner, flatbread, high-protein","blurry, lowres, text, watermark, logo, people, hands, deformed, extra fingers, bad anatomy, oversaturated, messy plating"
r1050,"modern, tasty, attractive food photography of Chipotle Chicken Breast Crunch Burger & Wedges, chicken breast, burger bun, potatoes, eggs, cornflour, social media ready, editorial food styling, soft natural light, shallow depth of field, crisp focus, clean background, vibrant but realistic colors, plated beautifully, minimal props, subtle garnish, hero shot, 45 degree angle, composition centered, 4:5 portrait, appetizing, lunch, dinner, burger, high-protein","blurry, lowres, text, watermark, logo, people, hands, deformed, extra fingers, bad anatomy, oversaturated, messy plating"
r1051,"modern, tasty, attractive food photography of Chipotle Salmon Fillet Crunch Burger & Wedges, salmon fillet, burger bun, potatoes, eggs, cornflour, social media ready, editorial food styling, soft natural light, shallow depth of field, crisp focus, clean background, vibrant but realistic colors, plated beautifully, minimal props, subtle garnish, hero shot, 45 degree angle, composition centered, 4:5 portrait, appetizing, lunch, dinner, burger, high-protein","blurry, lowres, text, watermark, logo, people, hands, deformed, extra fingers, bad anatomy, oversaturated, messy plating"
r1053,"modern, tasty, attractive food photography of Peri-Peri Tofu Crunch Burger & Wedges, tofu, burger bun, potatoes, eggs, cornflour, social media ready, editorial food styling, soft natural light, shallow depth of field, crisp focus, clean background, vibrant but realistic colors, plated beautifully, minimal props, subtle garnish, hero shot, 45 degree angle, composition centered, 4:5 portrait, appetizing, lunch, dinner, burger, high-protein","blurry, lowres, text, watermark, logo, people, hands, deformed, extra fingers, bad anatomy, oversaturated, messy plating"
r1054,"modern, tasty, attractive food photography of Peri-Peri Turkey Mince Crunch Burger & Wedges, turkey mince, burger bun, potatoes, eggs, cornflour, social media ready, editorial food styling, soft natural light, shallow depth of field, crisp focus, clean background, vibrant but realistic colors, plated beautifully, minimal props, subtle garnish, hero shot, 45 degree angle, composition centered, 4:5 portrait, appetizing, lunch, dinner, burger, high-protein","blurry, lowres, text, watermark, logo, people, hands, deformed, extra fingers, bad anatomy, oversaturated, messy plating"
r1055,"modern, tasty, attractive food photography of Spicy Buffalo Tofu Crunch Burger & Wedges, tofu, burger bun, potatoes, eggs, cornflour, social media ready, editorial food styling, soft natural light, shallow depth of field, crisp focus, clean background, vibrant but realistic colors, plated beautifully, minimal props, subtle garnish, hero shot, 45 degree angle, composition centered, 4:5 portrait, appetizing, lunch, dinner, burger, high-protein","blurry, lowres, text, watermark, logo, people, hands, deformed, extra fingers, bad anatomy, oversaturated, messy plating"
r1056,"modern, tasty, attractive food photography of Spicy Buffalo Chicken Breast Crunch Burger & Wedges, chicken breast, burger bun, potatoes, eggs, cornflour, social media ready, editorial food styling, soft natural light, shallow depth of field, crisp focus, clean background, vibrant but realistic colors, plated beautifully, minimal props, subtle garnish, hero shot, 45 degree angle, composition centered, 4:5 portrait, appetizing, lunch, dinner, burger, high-protein","blurry, lowres, text, watermark, logo, people, hands, deformed, extra fingers, bad anatomy, oversaturated, messy plating"
r1057,"modern, tasty, attractive food photography of Peri-Peri Beef Mince Crunch Burger & Wedges, beef mince, burger bun, potatoes, eggs, cornflour, social media ready, editorial food styling, soft natural light, shallow depth of field, crisp focus, clean background, vibrant but realistic colors, plated beautifully, minimal props, subtle garnish, hero shot, 45 degree angle, composition centered, 4:5 portrait, appetizing, lunch, dinner, burger, high-protein","blurry, lowres, text, watermark, logo, people, hands, deformed, extra fingers, bad anatomy, oversaturated, messy plating"
r1058,"modern, tasty, attractive food photography of Crispy Cajun Tofu Crunch Burger & Wedges, tofu, burger bun, potatoes, eggs, cornflour, social media ready, editorial food styling, soft natural light, shallow depth of field, crisp focus, clean background, vibrant but realistic colors, plated beautifully, minimal props, subtle garnish, hero shot, 45 degree angle, composition centered, 4:5 portrait, appetizing, lunch, dinner, burger, high-protein","blurry, lowres, text, watermark, logo, people, hands, deformed, extra fingers, bad anatomy, oversaturated, messy plating"
r1059,"modern, tasty, attractive food photography of Spicy Buffalo Salmon Fillet Crunch Burger & Wedges, salmon fillet, burger bun, potatoes, eggs, cornflour, social media ready, editorial food styling, soft natural light, shallow depth of field, crisp focus, clean background, vibrant but realistic colors, plated beautifully, minimal props, subtle garnish, hero shot, 45 degree angle, composition centered, 4:5 portrait, appetizing, lunch, dinner, burger, high-protein","blurry, lowres, text, watermark, logo, people, hands, deformed, extra fingers, bad anatomy, oversaturated, messy plating"
r1061,"modern, tasty, attractive food photography of Crispy Cajun Turkey Mince Crunch Burger & Wedges, turkey mince, burger bun, potatoes, eggs, cornflour, social media ready, editorial food styling, soft natural light, shallow depth of field, crisp focus, clean background, vibrant but realistic colors, plated beautifully, minimal props, subtle garnish, hero shot, 45 degree angle, composition centered, 4:5 portrait, appetizing, lunch, dinner, burger, high-protein","blurry, lowres, text, watermark, logo, people, hands, deformed, extra fingers, bad anatomy, oversaturated, messy plating"
r1062,"modern, tasty, attractive food photography of Korean BBQ Beef Mince Crunch Burger & Wedges, beef mince, burger bun, potatoes, eggs, cornflour, social media ready, editorial food styling, soft natural light, shallow depth of field, crisp focus, clean background, vibrant but realistic colors, plated beautifully, minimal props, subtle garnish, hero shot, 45 degree angle, composition centered, 4:5 portrait, appetizing, lunch, dinner, burger, high-protein","blurry, lowres, text, watermark, logo, people, hands, deformed, extra fingers, bad anatomy, oversaturated, messy plating"
r1063,"modern, tasty, attractive food photography of Korean BBQ Tofu Crunch Burger & Wedges, tofu, burger bun, potatoes, eggs, cornflour, social media ready, editorial food styling, soft natural light, shallow depth of field, crisp focus, clean background, vibrant but realistic colors, plated beautifully, minimal props, subtle garnish, hero shot, 45 degree angle, composition centered, 4:5 portrait, appetizing, lunch, dinner, burger, high-protein","blurry, lowres, text, watermark, logo, people, hands, deformed, extra fingers, bad anatomy, oversaturated, messy plating"
r1067,"modern, tasty, attractive food photography of Crispy Cajun Beef Mince Crunch Burger & Wedges, beef mince, burger bun, potatoes, eggs, cornflour, social media ready, editorial food styling, soft natural light, shallow depth of field, crisp focus, clean background, vibrant but realistic colors, plated beautifully, minimal props, subtle garnish, hero shot, 45 degree angle, composition centered, 4:5 portrait, appetizing, lunch, dinner, burger, high-protein","blurry, lowres, text, watermark, logo, people, hands, deformed, extra fingers, bad anatomy, oversaturated, messy plating"
r1068,"modern, tasty, attractive food photography of Crispy Cajun Salmon Fillet Crunch Burger & Wedges, salmon fillet, burger bun, potatoes, eggs, cornflour, social media ready, editorial food styling, soft natural light, shallow depth of field, crisp focus, clean background, vibrant but realistic colors, plated beautifully, minimal props, subtle garnish, hero shot, 45 degree angle, composition centered, 4:5 portrait, appetizing, lunch, dinner, burger, high-protein","blurry, lowres, text, watermark, logo, people, hands, deformed, extra fingers, bad anatomy, oversaturated, messy plating"
r1069,"modern, tasty, attractive food photography of Chipotle Turkey Mince Crunch Burger & Wedges, turkey mince, burger bun, potatoes, eggs, cornflour, social media ready, editorial food styling, soft natural light, shallow depth of field, crisp focus, clean background, vibrant but realistic colors, plated beautifully, minimal props, subtle garnish, hero shot, 45 degree angle, composition centered, 4:5 portrait, appetizing, lunch, dinner, burger, high-protein","blurry, lowres, text, watermark, logo, people, hands, deformed, extra fingers, bad anatomy, oversaturated, messy plating"
r1070,"modern, tasty, attractive food photography of Crispy Cajun Chicken Breast Crunch Burger & Wedges, chicken breast, burger bun, potatoes, eggs, cornflour, social media ready, editorial food styling, soft natural light, shallow depth of field, crisp focus, clean background, vibrant but realistic colors, plated beautifully, minimal props, subtle garnish, hero shot, 45 degree angle, composition centered, 4:5 portrait, appetizing, lunch, dinner, burger, high-protein","blurry, lowres, text, watermark, logo, people, hands, deformed, extra fingers, bad anatomy, oversaturated, messy plating"
r1072,"modern, tasty, attractive food photography of Korean BBQ Salmon Fillet Crunch Burger & Wedges, salmon fillet, burger bun, potatoes, eggs, cornflour, social media ready, editorial food styling, soft natural light, shallow depth of field, crisp focus, clean background, vibrant but realistic colors, plated beautifully, minimal props, subtle garnish, hero shot, 45 degree angle, composition centered, 4:5 portrait, appetizing, lunch, dinner, burger, high-protein","blurry, lowres, text, watermark, logo, people, hands, deformed, extra fingers, bad anatomy, oversaturated, messy plating"
r1073,"modern, tasty, attractive food photography of Spicy Buffalo Turkey Mince Crunch Burger & Wedges, turkey mince, burger bun, potatoes, eggs, cornflour, social media ready, editorial food styling, soft natural light, shallow depth of field, crisp focus, clean background, vibrant but realistic colors, plated beautifully, minimal props, subtle garnish, hero shot, 45 degree angle, composition centered, 4:5 portrait, appetizing, lunch, dinner, burger, high-protein","blurry, lowres, text, watermark, logo, people, hands, deformed, extra fingers, bad anatomy, oversaturated, messy plating"
r1077,"modern, tasty, attractive food photography of Peri-Peri Salmon Fillet Crunch Burger & Wedges, salmon fillet, burger bun, potatoes, eggs, cornflour, social media ready, editorial food styling, soft natural light, shallow depth of field, crisp focus, clean background, vibrant but realistic colors, plated beautifully, minimal props, subtle garnish, hero shot, 45 degree angle, composition centered, 4:5 portrait, appetizing, lunch, dinner, burger, high-protein","blurry, lowres, text, watermark, logo, people, hands, deformed, extra fingers, bad anatomy, oversaturated, messy plating"
r1080,"modern, tasty, attractive food photography of Chipotle Turkey Mince Protein Pasta Pot, turkey mince, wholewheat pasta, bell pepper, mushroom, red onion, social media ready, editorial food styling, soft natural light, shallow depth of field, crisp focus, clean background, vibrant but realistic colors, plated beautifully, minimal props, subtle garnish, hero shot, 45 degree angle, composition centered, 4:5 portrait, appetizing, lunch, dinner, pasta, high-protein","blurry, lowres, text, watermark, logo, people, hands, deformed, extra fingers, bad anatomy, oversaturated, messy plating"
r1081,"modern, tasty, attractive food photography of Spicy Tomato Chicken Breast Protein Pasta Pot, chicken breast, wholewheat pasta, bell pepper, mushroom, red onion, social media ready, editorial food styling, soft natural light, shallow depth of field, crisp focus, clean background, vibrant but realistic colors, plated beautifully, minimal props, subtle garnish, hero shot, 45 degree angle, composition centered, 4:5 portrait, appetizing, lunch, dinner, pasta, high-protein","blurry, lowres, text, watermark, logo, people, hands, deformed, extra fingers, bad anatomy, oversaturated, messy plating"
r1082,"modern, tasty, attractive food photography of Italian Herb Tofu Protein Pasta Pot, tofu, wholewheat pasta, bell pepper, mushroom, red onion, social media ready, editorial food styling, soft natural light, shallow depth of field, crisp focus, clean background, vibrant but realistic colors, plated beautifully, minimal props, subtle garnish, hero shot, 45 degree angle, composition centered, 4:5 portrait, appetizing, lunch, dinner, pasta, high-protein","blurry, lowres, text, watermark, logo, people, hands, deformed, extra fingers, bad anatomy, oversaturated, messy plating"
r1083,"modern, tasty, attractive food photography of Cajun Tofu Protein Pasta Pot, tofu, wholewheat pasta, bell pepper, mushroom, red onion, social media ready, editorial food styling, soft natural light, shallow depth of field, crisp focus, clean background, vibrant but realistic colors, plated beautifully, minimal props, subtle garnish, hero shot, 45 degree angle, composition centered, 4:5 portrait, appetizing, lunch, dinner, pasta, high-protein","blurry, lowres, text, watermark, logo, people, hands, deformed, extra fingers, bad anatomy, oversaturated, messy plating"
r1084,"modern, tasty, attractive food photography of Cajun Chicken Breast Protein Pasta Pot, chicken breast, wholewheat pasta, bell pepper, mushroom, red onion, social media ready, editorial food styling, soft natural light, shallow depth of field, crisp focus, clean background, vibrant but realistic colors, plated beautifully, minimal props, subtle garnish, hero shot, 45 degree angle, composition centered, 4:5 portrait, appetizing, lunch, dinner, pasta, high-protein","blurry, lowres, text, watermark, logo, people, hands, deformed, extra fingers, bad anatomy, oversaturated, messy plating"
r1085,"modern, tasty, attractive food photography of Cajun Prawns Protein Pasta Pot, prawns, wholewheat pasta, bell pepper, mushroom, red onion, social media ready, editorial food styling, soft natural light, shallow depth of field, crisp focus, clean background, vibrant but realistic colors, plated beautifully, minimal props, subtle garnish, hero shot, 45 degree angle, composition centered, 4:5 portrait, appetizing, lunch, dinner, pasta, high-protein","blurry, lowres, text, watermark, logo, people, hands, deformed, extra fingers, bad anatomy, oversaturated, messy plating"
r1086,"modern, tasty, attractive food photography of Chipotle Chicken Breast Protein Pasta Pot, chicken breast, wholewheat pasta, bell pepper, mushroom, red onion, social media ready, editorial food styling, soft natural light, shallow depth of field, crisp focus, clean background, vibrant but realistic colors, plated beautifully, minimal props, subtle garnish, hero shot, 45 degree angle, composition centered, 4:5 portrait, appetizing, lunch, dinner, pasta, high-protein","blurry, lowres, text, watermark, logo, people, hands, deformed, extra fingers, bad anatomy, oversaturated, messy plating"
r1087,"modern, tasty, attractive food photography of Creamy Garlic Tofu Protein Pasta Pot, tofu, wholewheat pasta, bell pepper, mushroom, red onion, social media ready, editorial food styling, soft natural light, shallow depth of field, crisp focus, clean background, vibrant but realistic colors, plated beautifully, minimal props, subtle garnish, hero shot, 45 degree angle, composition centered, 4:5 portrait, appetizing, lunch, dinner, pasta, high-protein","blurry, lowres, text, watermark, logo, people, hands, deformed, extra fingers, bad anatomy, oversaturated, messy plating"
r1088,"modern, tasty, attractive food photography of Spicy Tomato Prawns Protein Pasta Pot, prawns, wholewheat pasta, bell pepper, mushroom, red onion, social media ready, editorial food styling, soft natural light, shallow depth of field, crisp focus, clean background, vibrant but realistic colors, plated beautifully, minimal props, subtle garnish, hero shot, 45 degree angle, composition centered, 4:5 portrait, appetizing, lunch, dinner, pasta, high-protein","blurry, lowres, text, watermark, logo, people, hands, deformed, extra fingers, bad anatomy, oversaturated, messy plating"
r1090,"modern, tasty, attractive food photography of Spicy Tomato Salmon Fillet Protein Pasta Pot, salmon fillet, wholewheat pasta, bell pepper, mushroom, red onion, social media ready, editorial food styling, soft natural light, shallow depth of field, crisp focus, clean background, vibrant but realistic colors, plated beautifully, minimal props, subtle garnish, hero shot, 45 degree angle, composition centered, 4:5 portrait, appetizing, lunch, dinner, pasta, high-protein","blurry, lowres, text, watermark, logo, people, hands, deformed, extra fingers, bad anatomy, oversaturated, messy plating"
r1091,"modern, tasty, attractive food photography of Cajun Turkey Mince Protein Pasta Pot, turkey mince, wholewheat pasta, bell pepper, mushroom, red onion, social media ready, editorial food styling, soft natural light, shallow depth of field, crisp focus, clean background, vibrant but realistic colors, plated beautifully, minimal props, subtle garnish, hero shot, 45 degree angle, composition centered, 4:5 portrait, appetizing, lunch, dinner, pasta, high-protein","blurry, lowres, text, watermark, logo, people, hands, deformed, extra fingers, bad anatomy, oversaturated, messy plating"
r1092,"modern, tasty, attractive food photography of Creamy Garlic Salmon Fillet Protein Pasta Pot, salmon fillet, wholewheat pasta, bell pepper, mushroom, red onion, social media ready, editorial food styling, soft natural light, shallow depth of field, crisp focus, clean background, vibrant but realistic colors, plated beautifully, minimal props, subtle garnish, hero shot, 45 degree angle, composition centered, 4:5 portrait, appetizing, lunch, dinner, pasta, high-protein","blurry, lowres, text, watermark, logo, people, hands, deformed, extra fingers, bad anatomy, oversaturated, messy plating"
r1096,"modern, tasty, attractive food photography of Creamy Garlic Turkey Mince Protein Pasta Pot, turkey mince, wholewheat pasta, bell pepper, mushroom, red onion, social media ready, editorial food styling, soft natural light, shallow depth of field, crisp focus, clean background, vibrant but realistic colors, plated beautifully, minimal props, subtle garnish, hero shot, 45 degree angle, composition centered, 4:5 portrait, appetizing, lunch, dinner, pasta, high-protein","blurry, lowres, text, watermark, logo, people, hands, deformed, extra fingers, bad anatomy, oversaturated, messy plating"
r1097,"modern, tasty, attractive food photography of Spicy Tomato Turkey Mince Protein Pasta Pot, turkey mince, wholewheat pasta, bell pepper, mushroom, red onion, social media ready, editorial food styling, soft natural light, shallow depth of field, crisp focus, clean background, vibrant but realistic colors, plated beautifully, minimal props, subtle garnish, hero shot, 45 degree angle, composition centered, 4:5 portrait, appetizing, lunch, dinner, pasta, high-protein","blurry, lowres, text, watermark, logo, people, hands, deformed, extra fingers, bad anatomy, oversaturated, messy plating"
r1099,"modern, tasty, attractive food photography of Creamy Garlic Prawns Protein Pasta Pot, prawns, wholewheat pasta, bell pepper, mushroom, red onion, social media ready, editorial food styling, soft natural light, shallow depth of field, crisp focus, clean background, vibrant but realistic colors, plated beautifully, minimal props, subtle garnish, hero shot, 45 degree angle, composition centered, 4:5 portrait, appetizing, lunch, dinner, pasta, high-protein","blurry, lowres, text, watermark, logo, people, hands, deformed, extra fingers, bad anatomy, oversaturated, messy plating"
s5000,"modern, tasty, attractive food photography of Greek Yoghurt & Berry Protein Pot, greek yoghurt, berries, protein powder, honey, social media ready, editorial food styling, soft natural light, shallow depth of field, crisp focus, clean background, vibrant but realistic colors, plated beautifully, minimal props, subtle garnish, hero shot, 45 degree angle, composition centered, 4:5 portrait, appetizing, snack, snack, high-protein, quick","blurry, lowres, text, watermark, logo, people, hands, deformed, extra fingers, bad anatomy, oversaturated, messy plating"
s5003,"modern, tasty, attractive food photography of Peanut Butter Banana Energy Bites, banana, peanut butter, oats, social media ready, editorial food styling, soft natural light, shallow depth of field, crisp focus, clean background, vibrant but realistic colors, plated beautifully, minimal props, subtle garnish, hero shot, 45 degree angle, composition centered, 4:5 portrait, appetizing, snack, snack, protein, energy","blurry, lowres, text, watermark, logo, people, hands, deformed, extra fingers, bad anatomy, oversaturated, messy plating"
s5006,"modern, tasty, attractive food photography of High-Protein Chocolate Yoghurt Bowl, greek yoghurt, protein powder, dark chocolate, almonds, social media ready, editorial food styling, soft natural light, shallow depth of field, crisp focus, clean background, vibrant but realistic colors, plated beautifully, minimal props, subtle garnish, hero shot, 45 degree angle, composition centered, 4:5 portrait, appetizing, snack, snack, high-protein, chocolate","blurry, lowres, text, watermark, logo, people, hands, deformed, extra fingers, bad anatomy, oversaturated, messy plating"
s5009,"modern, tasty, attractive food photography of Apple & Peanut Butter Power Snack, apple, peanut butter, social media ready, editorial food styling, soft natural light, shallow depth of field, crisp focus, clean background, vibrant but realistic colors, plated beautifully, minimal props, subtle garnish, hero shot, 45 degree angle, composition centered, 4:5 portrait, appetizing, snack, snack, quick, protein","blurry, lowres, text, watermark, logo, people, hands, deformed, extra fingers, bad anatomy, oversaturated, messy plating"
s5012,"modern, tasty, attractive food photography of Protein Cottage Cheese Bowl, cottage cheese, banana, almonds, honey, social media ready, editorial food styling, soft natural light, shallow depth of field, crisp focus, clean background, vibrant but realistic colors, plated beautifully, minimal props, subtle garnish, hero shot, 45 degree angle, composition centered, 4:5 portrait, appetizing, snack, snack, high-protein, quick","blurry, lowres, text, watermark, logo, people, hands, deformed, extra fingers, bad anatomy, oversaturated, messy plating"
s5015,"modern, tasty, attractive food photography of Hard-Boiled Eggs with Everything Seasoning, eggs, social media ready, editorial food styling, soft natural light, shallow depth of field, crisp focus, clean background, vibrant but realistic colors, plated beautifully, minimal props, subtle garnish, hero shot, 45 degree angle, composition centered, 4:5 portrait, appetizing, snack, snack, high-protein, simple","blurry, lowres, text, watermark, logo, people, hands, deformed, extra fingers, bad anatomy, oversaturated, messy plating"
s5018,"modern, tasty, attractive food photography of Hummus & Veggie Sticks, hummus, carrots, celery, social media ready, editorial food styling, soft natural light, shallow depth of field, crisp focus, clean background, vibrant but realistic colors, plated beautifully, minimal props, subtle garnish, hero shot, 45 degree angle, composition centered, 4:5 portrait, appetizing, snack, snack, vegan, healthy","blurry, lowres, text, watermark, logo, people, hands, deformed, extra fingers, bad anatomy, oversaturated, messy plating"
s5021,"modern, tasty, attractive food photography of Rice Cake Peanut Butter Stack, rice cakes, peanut butter, banana, social media ready, editorial food styling, soft natural light, shallow depth of field, crisp focus, clean background, vibrant but realistic colors, plated beautifully, minimal props, subtle garnish, hero shot, 45 degree angle, composition centered, 4:5 portrait, appetizing, snack, snack, quick, protein","blurry, lowres, text, watermark, logo, people, hands, deformed, extra fingers, bad anatomy, oversaturated, messy plating"
s5024,"modern, tasty, attractive food photography of Protein Yoghurt Parfait, greek yoghurt, protein powder, berries, almonds, social media ready, editorial food styling, soft natural light, shallow depth of field, crisp focus, clean background, vibrant but realistic colors, plated beautifully, minimal props, subtle garnish, hero shot, 45 degree angle, composition centered, 4:5 portrait, appetizing, snack, snack, high-protein, layered","blurry, lowres, text, watermark, logo, people, hands, deformed, extra fingers, bad anatomy, oversaturated, messy plating"
s5027,"modern, tasty, attractive food photography of Tuna & Cracker Protein Snack, tuna, crackers, social media ready, editorial food styling, soft natural light, shallow depth of field, crisp focus, clean background, vibrant but realistic colors, plated beautifully, minimal props, subtle garnish, hero shot, 45 degree angle, composition centered, 4:5 portrait, appetizing, snack, snack, high-protein, savoury","blurry, lowres, text, watermark, logo, people, hands, deformed, extra fingers, bad anatomy, oversaturated, messy plating"
b001,"modern, tasty, attractive food photography of Greek Yogurt Granola Bowl, greek yogurt, granola, honey, berries, social media ready, editorial food styling, soft natural light, shallow depth of field, crisp focus, clean background, vibrant but realistic colors, plated beautifully, minimal props, subtle garnish, hero shot, 45 degree angle, composition centered, 4:5 portrait, appetizing, breakfast, vegetarian, quick","blurry, lowres, text, watermark, logo, people, hands, deformed, extra fingers, bad anatomy, oversaturated, messy plating"
b002,"modern, tasty, attractive food photography of Protein Smoothie Bowl, protein powder, banana, almond milk, granola, social media ready, editorial food styling, soft natural light, shallow depth of field, crisp focus, clean background, vibrant but realistic colors, plated beautifully, minimal props, subtle garnish, hero shot, 45 degree angle, composition centered, 4:5 portrait, appetizing, breakfast, vegan, quick","blurry, lowres, text, watermark, logo, people, hands, deformed, extra fingers, bad anatomy, oversaturated, messy plating"
b003,"modern, tasty, attractive food photography of Overnight Oats with Chia, rolled oats, almond milk, chia seeds, berries, social media ready, editorial food styling, soft natural light, shallow depth of field, crisp focus, clean background, vibrant but realistic colors, plated beautifully, minimal props, subtle garnish, hero shot, 45 degree angle, composition centered, 4:5 portrait, appetizing, breakfast, vegan, quick","blurry, lowres, text, watermark, logo, people, hands, deformed, extra fingers, bad anatomy, oversaturated, messy plating"
b004,"modern, tasty, attractive food photography of Scrambled Eggs with Toast, eggs, whole wheat bread, butter, cherry tomatoes, social media ready, editorial food styling, soft natural light, shallow depth of field, crisp focus, clean background, vibrant but realistic colors, plated beautifully, minimal props, subtle garnish, hero shot, 45 degree angle, composition centered, 4:5 portrait, appetizing, breakfast, vegetarian, quick","blurry, lowres, text, watermark, logo, people, hands, deformed, extra fingers, bad anatomy, oversaturated, messy plating"
b005,"modern, tasty, attractive food photography of Banana Nut Butter Smoothie, banana, peanut butter, almond milk, protein powder, social media ready, editorial food styling, soft natural light, shallow depth of field, crisp focus, clean background, vibrant but realistic colors, plated beautifully, minimal props, subtle garnish, hero shot, 45 degree angle, composition centered, 4:5 portrait, appetizing, breakfast, vegan, quick","blurry, lowres, text, watermark, logo, people, hands, deformed, extra fingers, bad anatomy, oversaturated, messy plating"
b006,"modern, tasty, attractive food photography of Fruit and Honey Parfait, greek yogurt, honey, mixed berries, almonds, social media ready, editorial food styling, soft natural light, shallow depth of field, crisp focus, clean background, vibrant but realistic colors, plated beautifully, minimal props, subtle garnish, hero shot, 45 degree angle, composition centered, 4:5 portrait, appetizing, breakfast, vegetarian, quick","blurry, lowres, text, watermark, logo, people, hands, deformed, extra fingers, bad anatomy, oversaturated, messy plating"
b007,"modern, tasty, attractive food photography of Avocado Toast with Egg, whole grain bread, avocado, egg, lemon juice, social media ready, editorial food styling, soft natural light, shallow depth of field, crisp focus, clean background, vibrant but realistic colors, plated beautifully, minimal props, subtle garnish, hero shot, 45 degree angle, composition centered, 4:5 portrait, appetizing, breakfast, vegetarian, quick","blurry, lowres, text, watermark, logo, people, hands, deformed, extra fingers, bad anatomy, oversaturated, messy plating"
b008,"modern, tasty, attractive food photography of Protein Oatmeal with Berries, rolled oats, protein powder, water, mixed berries, social media ready, editorial food styling, soft natural light, shallow depth of field, crisp focus, clean background, vibrant but realistic colors, plated beautifully, minimal props, subtle garnish, hero shot, 45 degree angle, composition centered, 4:5 portrait, appetizing, breakfast, vegan, quick","blurry, lowres, text, watermark, logo, people, hands, deformed, extra fingers, bad anatomy, oversaturated, messy plating"
b009,"modern, tasty, attractive food photography of Acai Berry Bowl, acai puree, granola, almond milk, banana, social media ready, editorial food styling, soft natural light, shallow depth of field, crisp focus, clean background, vibrant but realistic colors, plated beautifully, minimal props, subtle garnish, hero shot, 45 degree angle, composition centered, 4:5 portrait, appetizing, breakfast, vegan, quick","blurry, lowres, text, watermark, logo, people, hands, deformed, extra fingers, bad anatomy, oversaturated, messy plating"
b010,"modern, tasty, attractive food photography of Protein Pancakes, protein powder, egg, oat flour, maple syrup, social media ready, editorial food styling, soft natural light, shallow depth of field, crisp focus, clean background, vibrant but realistic colors, plated beautifully, minimal props, subtle garnish, hero shot, 45 degree angle, composition centered, 4:5 portrait, appetizing, breakfast, vegetarian, quick","blurry, lowres, text, watermark, logo, people, hands, deformed, extra fingers, bad anatomy, oversaturated, messy plating"
b011,"modern, tasty, attractive food photography of Cottage Cheese Fruit Bowl, cottage cheese, mixed berries, honey, almonds, social media ready, editorial food styling, soft natural light, shallow depth of field, crisp focus, clean background, vibrant but realistic colors, plated beautifully, minimal props, subtle garnish, hero shot, 45 degree angle, composition centered, 4:5 portrait, appetizing, breakfast, vegetarian, quick","blurry, lowres, text, watermark, logo, people, hands, deformed, extra fingers, bad anatomy, oversaturated, messy plating"
b012,"modern, tasty, attractive food photography of Green Smoothie, spinach, banana, almond milk, protein powder, social media ready, editorial food styling, soft natural light, shallow depth of field, crisp focus, clean background, vibrant but realistic colors, plated beautifully, minimal props, subtle garnish, hero shot, 45 degree angle, composition centered, 4:5 portrait, appetizing, breakfast, vegan, quick","blurry, lowres, text, watermark, logo, people, hands, deformed, extra fingers, bad anatomy, oversaturated, messy plating"
b013,"modern, tasty, attractive food photography of French Toast with Berries, whole wheat bread, egg, almond milk, mixed berries, social media ready, editorial food styling, soft natural light, shallow depth of field, crisp focus, clean background, vibrant but realistic colors, plated beautifully, minimal props, subtle garnish, hero shot, 45 degree angle, composition centered, 4:5 portrait, appetizing, breakfast, vegetarian, quick","blurry, lowres, text, watermark, logo, people, hands, deformed, extra fingers, bad anatomy, oversaturated, messy plating"
b014,"modern, tasty, attractive food photography of Chia Seed Pudding, chia seeds, coconut milk, vanilla extract, berries, social media ready, editorial food styling, soft natural light, shallow depth of field, crisp focus, clean background, vibrant but realistic colors, plated beautifully, minimal props, subtle garnish, hero shot, 45 degree angle, composition centered, 4:5 portrait, appetizing, breakfast, vegan, quick","blurry, lowres, text, watermark, logo, people, hands, deformed, extra fingers, bad anatomy, oversaturated, messy plating"
b015,"modern, tasty, attractive food photography of Egg White Omelette, egg whites, spinach, mushroom, cheddar cheese, social media ready, editorial food styling, soft natural light, shallow depth of field, crisp focus, clean background, vibrant but realistic colors, plated beautifully, minimal props, subtle garnish, hero shot, 45 degree angle, composition centered, 4:5 portrait, appetizing, breakfast, vegetarian, quick","blurry, lowres, text, watermark, logo, people, hands, deformed, extra fingers, bad anatomy, oversaturated, messy plating"
b016,"modern, tasty, attractive food photography of Quinoa Breakfast Porridge, quinoa, almond milk, cinnamon, dates, social media ready, editorial food styling, soft natural light, shallow depth of field, crisp focus, clean background, vibrant but realistic colors, plated beautifully, minimal props, subtle garnish, hero shot, 45 degree angle, composition centered, 4:5 portrait, appetizing, breakfast, vegan, quick","blurry, lowres, text, watermark, logo, people, hands, deformed, extra fingers, bad anatomy, oversaturated, messy plating"
b017,"modern, tasty, attractive food photography of Muesli with Yogurt, muesli, greek yogurt, banana, honey, social media ready, editorial food styling, soft natural light, shallow depth of field, crisp focus, clean background, vibrant but realistic colors, plated beautifully, minimal props, subtle garnish, hero shot, 45 degree angle, composition centered, 4:5 portrait, appetizing, breakfast, vegetarian, quick","blurry, lowres, text, watermark, logo, people, hands, deformed, extra fingers, bad anatomy, oversaturated, messy plating"
b018,"modern, tasty, attractive food photography of Almond Butter Toast, whole grain bread, almond butter, banana, dark chocolate chips, social media ready, editorial food styling, soft natural light, shallow depth of field, crisp focus, clean background, vibrant but realistic colors, plated beautifully, minimal props, subtle garnish, hero shot, 45 degree angle, composition centered, 4:5 portrait, appetizing, breakfast, vegan, quick","blurry, lowres, text, watermark, logo, people, hands, deformed, extra fingers, bad anatomy, oversaturated, messy plating"
b019,"modern, tasty, attractive food photography of Smoothie Bowl with Toppings, frozen berries, protein powder, coconut milk, granola, social media ready, editorial food styling, soft natural light, shallow depth of field, crisp focus, clean background, vibrant but realistic colors, plated beautifully, minimal props, subtle garnish, hero shot, 45 degree angle, composition centered, 4:5 portrait, appetizing, breakfast, vegan, quick","blurry, lowres, text, watermark, logo, people, hands, deformed, extra fingers, bad anatomy, oversaturated, messy plating"
b020,"modern, tasty, attractive food photography of Bagel with Cream Cheese, whole wheat bagel, cream cheese, smoked salmon, dill, social media ready, editorial food styling, soft natural light, shallow depth of field, crisp focus, clean background, vibrant but realistic colors, plated beautifully, minimal props, subtle garnish, hero shot, 45 degree angle, composition centered, 4:5 portrait, appetizing, breakfast, vegetarian, quick","blurry, lowres, text, watermark, logo, people, hands, deformed, extra fingers, bad anatomy, oversaturated, messy plating"
b021,"modern, tasty, attractive food photography of Mediterranean Shakshuka, eggs, tomatoes, bell pepper, feta cheese, social media ready, editorial food styling, soft natural light, shallow depth of field, crisp focus, clean background, vibrant but realistic colors, plated beautifully, minimal props, subtle garnish, hero shot, 45 degree angle, composition centered, 4:5 portrait, appetizing, breakfast, vegetarian, spicy","blurry, lowres, text, watermark, logo, people, hands, deformed, extra fingers, bad anatomy, oversaturated, messy plating"
b022,"modern, tasty, attractive food photography of Breakfast Burrito Bowl, scrambled eggs, black beans, avocado, salsa, social media ready, editorial food styling, soft natural light, shallow depth of field, crisp focus, clean background, vibrant but realistic colors, plated beautifully, minimal props, subtle garnish, hero shot, 45 degree angle, composition centered, 4:5 portrait, appetizing, breakfast, vegetarian, spicy","blurry, lowres, text, watermark, logo, people, hands, deformed, extra fingers, bad anatomy, oversaturated, messy plating"
b023,"modern, tasty, attractive food photography of Cinnamon Apple Protein Oats, rolled oats, apple, protein powder, cinnamon, social media ready, editorial food styling, soft natural light, shallow depth of field, crisp focus, clean background, vibrant but realistic colors, plated beautifully, minimal props, subtle garnish, hero shot, 45 degree angle, composition centered, 4:5 portrait, appetizing, breakfast, vegan, sweet","blurry, lowres, text, watermark, logo, people, hands, deformed, extra fingers, bad anatomy, oversaturated, messy plating"
b024,"modern, tasty, attractive food photography of Smoked Salmon Bagel Stack, whole grain bagel, smoked salmon, cream cheese, capers, social media ready, editorial food styling, soft natural light, shallow depth of field, crisp focus, clean background, vibrant but realistic colors, plated beautifully, minimal props, subtle garnish, hero shot, 45 degree angle, composition centered, 4:5 portrait, appetizing, breakfast, pescatarian, protein","blurry, lowres, text, watermark, logo, people, hands, deformed, extra fingers, bad anatomy, oversaturated, messy plating"
b025,"modern, tasty, attractive food photography of Blueberry Protein Waffles, protein powder, oat flour, egg, blueberries, social media ready, editorial food styling, soft natural light, shallow depth of field, crisp focus, clean background, vibrant but realistic colors, plated beautifully, minimal props, subtle garnish, hero shot, 45 degree angle, composition centered, 4:5 portrait, appetizing, breakfast, vegetarian, sweet","blurry, lowres, text, watermark, logo, people, hands, deformed, extra fingers, bad anatomy, oversaturated, messy plating"
b026,"modern, tasty, attractive food photography of Peanut Butter Banana Protein Shake, banana, peanut butter, protein powder, oat milk, social media ready, editorial food styling, soft natural light, shallow depth of field, crisp focus, clean background, vibrant but realistic colors, plated beautifully, minimal props, subtle garnish, hero shot, 45 degree angle, composition centered, 4:5 portrait, appetizing, breakfast, vegan, quick","blurry, lowres, text, watermark, logo, people, hands, deformed, extra fingers, bad anatomy, oversaturated, messy plating"
b027,"modern, tasty, attractive food photography of Breakfast Egg Muffins, eggs, spinach, cheddar cheese, cherry tomatoes, social media ready, editorial food styling, soft natural light, shallow depth of field, crisp focus, clean background, vibrant but realistic colors, plated beautifully, minimal props, subtle garnish, hero shot, 45 degree angle, composition centered, 4:5 portrait, appetizing, breakfast, vegetarian, protein","blurry, lowres, text, watermark, logo, people, hands, deformed, extra fingers, bad anatomy, oversaturated, messy plating"
b028,"modern, tasty, attractive food photography of Tropical Mango Smoothie Bowl, frozen mango, coconut milk, protein powder, coconut flakes, social media ready, editorial food styling, soft natural light, shallow depth of field, crisp focus, clean background, vibrant but realistic colors, plated beautifully, minimal props, subtle garnish, hero shot, 45 degree angle, composition centered, 4:5 portrait, appetizing, breakfast, vegan, tropical","blurry, lowres, text, watermark, logo, people, hands, deformed, extra fingers, bad anatomy, oversaturated, messy plating"
b029,"modern, tasty, attractive food photography of Caprese Breakfast Sandwich, ciabatta roll, mozzarella, tomato, basil, social media ready, editorial food styling, soft natural light, shallow depth of field, crisp focus, clean background, vibrant but realistic colors, plated beautifully, minimal props, subtle garnish, hero shot, 45 degree angle, composition centered, 4:5 portrait, appetizing, breakfast, vegetarian, italian","blurry, lowres, text, watermark, logo, people, hands, deformed, extra fingers, bad anatomy, oversaturated, messy plating"
b030,"modern, tasty, attractive food photography of Chocolate Banana Protein Crepes, protein powder, egg, banana, dark chocolate, social media ready, editorial food styling, soft natural light, shallow depth of field, crisp focus, clean background, vibrant but realistic colors, plated beautifully, minimal props, subtle garnish, hero shot, 45 degree angle, composition centered, 4:5 portrait, appetizing, breakfast, vegetarian, sweet","blurry, lowres, text, watermark, logo, people, hands, deformed, extra fingers, bad anatomy, oversaturated, messy plating"
b031,"modern, tasty, attractive food photography of Savory Mushroom Scramble, eggs, mushrooms, spinach, goat cheese, social media ready, editorial food styling, soft natural light, shallow depth of field, crisp focus, clean background, vibrant but realistic colors, plated beautifully, minimal props, subtle garnish, hero shot, 45 degree angle, composition centered, 4:5 portrait, appetizing, breakfast, vegetarian, savory","blurry, lowres, text, watermark, logo, people, hands, deformed, extra fingers, bad anatomy, oversaturated, messy plating"
b032,"modern, tasty, attractive food photography of Cacao Nib Overnight Oats, rolled oats, almond milk, cacao nibs, maple syrup, social media ready, editorial food styling, soft natural light, shallow depth of field, crisp focus, clean background, vibrant but realistic colors, plated beautifully, minimal props, subtle garnish, hero shot, 45 degree angle, composition centered, 4:5 portrait, appetizing, breakfast, vegan, chocolate","blurry, lowres, text, watermark, logo, people, hands, deformed, extra fingers, bad anatomy, oversaturated, messy plating"
b033,"modern, tasty, attractive food photography of Spicy Chorizo Breakfast Hash, turkey chorizo, sweet potato, egg, bell pepper, social media ready, editorial food styling, soft natural light, shallow depth of field, crisp focus, clean background, vibrant but realistic colors, plated beautifully, minimal props, subtle garnish, hero shot, 45 degree angle, composition centered, 4:5 portrait, appetizing, breakfast, spicy, protein","blurry, lowres, text, watermark, logo, people, hands, deformed, extra fingers, bad anatomy, oversaturated, messy plating"
b034,"modern, tasty, attractive food photography of Coconut Berry Chia Bowl, chia seeds, coconut yogurt, mixed berries, coconut flakes, social media ready, editorial food styling, soft natural light, shallow depth of field, crisp focus, clean background, vibrant but realistic colors, plated beautifully, minimal props, subtle garnish, hero shot, 45 degree angle, composition centered, 4:5 portrait, appetizing, breakfast, vegan, tropical","blurry, lowres, text, watermark, logo, people, hands, deformed, extra fingers, bad anatomy, oversaturated, messy plating"
b035,"modern, tasty, attractive food photography of Apple Cinnamon Protein Pancakes, protein powder, apple, egg, cinnamon, social media ready, editorial food styling, soft natural light, shallow depth of field, crisp focus, clean background, vibrant but realistic colors, plated beautifully, minimal props, subtle garnish, hero shot, 45 degree angle, composition centered, 4:5 portrait, appetizing, breakfast, vegetarian, sweet","blurry, lowres, text, watermark, logo, people, hands, deformed, extra fingers, bad anatomy, oversaturated, messy plating"
